{
 "categories": [
  {
   "supercategory": "pedestrian",
   "id": 1,
   "name": "pedestrian"
  },
  {
   "supercategory": "cyclist",
   "id": 2,
   "name": "cyclist"
  },
  {
   "supercategory": "vehicle",
   "id": 3,
   "name": "car"
  },
  {
   "supercategory": "vehicle",
   "id": 4,
   "name": "truck"
  },
  {
   "supercategory": "vehicle",
   "id": 5,
   "name": "tram"
  },
  {
   "supercategory": "vehicle",
   "id": 6,
   "name": "tricycle"
  },
  {
   "supercategory": "vehicle",
   "id": 7,
   "name": "bus"
  },
  {
   "supercategory": "vehicle",
   "id": 8,
   "name": "bicycle"
  },
  {
   "supercategory": "vehicle",
   "id": 9,
   "name": "moped"
  },
  {
   "supercategory": "vehicle",
   "id": 10,
   "name": "motorcycle"
  },
  {
   "supercategory": "vehicle",
   "id": 11,
   "name": "stroller"
  },
  {
   "supercategory": "vehicle",
   "id": 12,
   "name": "wheelchair"
  },
  {
   "supercategory": "vehicle",
   "id": 13,
   "name": "cart"
  },
  {
   "supercategory": "vehicle",
   "id": 14,
   "name": "trailer"
  },
  {
   "supercategory": "vehicle",
   "id": 15,
   "name": "construction_vehicle"
  },
  {
   "supercategory": "vehicle",
   "id": 16,
   "name": "recreational_vehicle"
  },
  {
   "supercategory": "animal",
   "id": 17,
   "name": "dog"
  },
  {
   "supercategory": "traffic_facility",
   "id": 18,
   "name": "barrier"
  },
  {
   "supercategory": "traffic_facility",
   "id": 19,
   "name": "bollard"
  },
  {
   "supercategory": "traffic_facility",
   "id": 20,
   "name": "warning_sign"
  },
  {
   "supercategory": "traffic_facility",
   "id": 21,
   "name": "sentry_box"
  },
  {
   "supercategory": "traffic_facility",
   "id": 22,
   "name": "traffic_box"
  },
  {
   "supercategory": "traffic_facility",
   "id": 23,
   "name": "traffic_cone"
  },
  {
   "supercategory": "traffic_facility",
   "id": 24,
   "name": "traffic_island"
  },
  {
   "supercategory": "traffic_facility",
   "id": 25,
   "name": "traffic_light"
  },
  {
   "supercategory": "traffic_facility",
   "id": 26,
   "name": "traffic_sign"
  },
  {
   "supercategory": "obstruction",
   "id": 27,
   "name": "debris"
  },
  {
   "supercategory": "obstruction",
   "id": 28,
   "name": "suitcace"
  },
  {
   "supercategory": "obstruction",
   "id": 29,
   "name": "dustbin"
  },
  {
   "supercategory": "obstruction",
   "id": 30,
   "name": "concrete_block"
  },
  {
   "supercategory": "obstruction",
   "id": 31,
   "name": "machinery"
  },
  {
   "supercategory": "obstruction",
   "id": 32,
   "name": "chair"
  },
  {
   "supercategory": "obstruction",
   "id": 33,
   "name": "phone_booth"
  },
  {
   "supercategory": "obstruction",
   "id": 34,
   "name": "basket"
  },
  {
   "supercategory": "misc",
   "id": 35,
   "name": "misc"
  }
 ],
 "images": [
  {
   "file_name": "000001_1616005007200.jpg",
   "id": 1,
   "height": 1020,
   "width": 1920,
   "period": "day",
   "weather": "sunny"
  },
  {
   "file_name": "000001_1616005254200.jpg",
   "id": 2,
   "height": 1020,
   "width": 1920,
   "period": "day",
   "weather": "sunny"
  },
  {
   "file_name": "000002_1616005443000.jpg",
   "id": 3,
   "height": 1020,
   "width": 1920,
   "period": "day",
   "weather": "cloudy"
  },
  {
   "file_name": "000002_1616005519499.jpg",
   "id": 4,
   "height": 1020,
   "width": 1920,
   "period": "day",
   "weather": "cloudy"
  },
  {
   "file_name": "000002_1616005520000.jpg",
   "id": 5,
   "height": 1020,
   "width": 1920,
   "period": "day",
   "weather": "cloudy"
  },
  {
   "file_name": "000002_1616005520500.jpg",
   "id": 6,
   "height": 1020,
   "width": 1920,
   "period": "day",
   "weather": "cloudy"
  },
  {
   "file_name": "000002_1616005678500.jpg",
   "id": 7,
   "height": 1020,
   "width": 1920,
   "period": "day",
   "weather": "cloudy"
  },
  {
   "file_name": "000003_1616006878800.jpg",
   "id": 8,
   "height": 1020,
   "width": 1920,
   "period": "day",
   "weather": "cloudy"
  },
  {
   "file_name": "000003_1616007142300.jpg",
   "id": 9,
   "height": 1020,
   "width": 1920,
   "period": "day",
   "weather": "cloudy"
  },
  {
   "file_name": "000005_1616008462700.jpg",
   "id": 10,
   "height": 1020,
   "width": 1920,
   "period": "day",
   "weather": "cloudy"
  },
  {
   "file_name": "000005_1616008464699.jpg",
   "id": 11,
   "height": 1020,
   "width": 1920,
   "period": "day",
   "weather": "cloudy"
  },
  {
   "file_name": "000005_1616008469199.jpg",
   "id": 12,
   "height": 1020,
   "width": 1920,
   "period": "day",
   "weather": "cloudy"
  },
  {
   "file_name": "000005_1616008599699.jpg",
   "id": 13,
   "height": 1020,
   "width": 1920,
   "period": "day",
   "weather": "cloudy"
  },
  {
   "file_name": "000005_1616008668699.jpg",
   "id": 14,
   "height": 1020,
   "width": 1920,
   "period": "day",
   "weather": "cloudy"
  },
  {
   "file_name": "000005_1616008669199.jpg",
   "id": 15,
   "height": 1020,
   "width": 1920,
   "period": "day",
   "weather": "cloudy"
  },
  {
   "file_name": "000005_1616008669700.jpg",
   "id": 16,
   "height": 1020,
   "width": 1920,
   "period": "day",
   "weather": "cloudy"
  },
  {
   "file_name": "000005_1616008675699.jpg",
   "id": 17,
   "height": 1020,
   "width": 1920,
   "period": "day",
   "weather": "cloudy"
  },
  {
   "file_name": "000005_1616008676700.jpg",
   "id": 18,
   "height": 1020,
   "width": 1920,
   "period": "day",
   "weather": "cloudy"
  },
  {
   "file_name": "000006_1616008701199.jpg",
   "id": 19,
   "height": 1020,
   "width": 1920,
   "period": "day",
   "weather": "cloudy"
  },
  {
   "file_name": "000006_1616008701699.jpg",
   "id": 20,
   "height": 1020,
   "width": 1920,
   "period": "day",
   "weather": "cloudy"
  },
  {
   "file_name": "000006_1616008913199.jpg",
   "id": 21,
   "height": 1020,
   "width": 1920,
   "period": "day",
   "weather": "cloudy"
  },
  {
   "file_name": "000006_1616008919200.jpg",
   "id": 22,
   "height": 1020,
   "width": 1920,
   "period": "day",
   "weather": "cloudy"
  },
  {
   "file_name": "000006_1616008919699.jpg",
   "id": 23,
   "height": 1020,
   "width": 1920,
   "period": "day",
   "weather": "cloudy"
  },
  {
   "file_name": "000006_1616008920200.jpg",
   "id": 24,
   "height": 1020,
   "width": 1920,
   "period": "day",
   "weather": "cloudy"
  },
  {
   "file_name": "000008_1616010321400.jpg",
   "id": 25,
   "height": 1020,
   "width": 1920,
   "period": "day",
   "weather": "cloudy"
  },
  {
   "file_name": "000009_1616011445899.jpg",
   "id": 26,
   "height": 1020,
   "width": 1920,
   "period": "day",
   "weather": "cloudy"
  },
  {
   "file_name": "000009_1616011446400.jpg",
   "id": 27,
   "height": 1020,
   "width": 1920,
   "period": "day",
   "weather": "cloudy"
  },
  {
   "file_name": "000011_1616012185499.jpg",
   "id": 28,
   "height": 1020,
   "width": 1920,
   "period": "day",
   "weather": "cloudy"
  },
  {
   "file_name": "000011_1616012213499.jpg",
   "id": 29,
   "height": 1020,
   "width": 1920,
   "period": "day",
   "weather": "cloudy"
  },
  {
   "file_name": "000011_1616012662499.jpg",
   "id": 30,
   "height": 1020,
   "width": 1920,
   "period": "day",
   "weather": "cloudy"
  },
  {
   "file_name": "000011_1616013214499.jpg",
   "id": 31,
   "height": 1020,
   "width": 1920,
   "period": "day",
   "weather": "cloudy"
  },
  {
   "file_name": "000011_1616013358499.jpg",
   "id": 32,
   "height": 1020,
   "width": 1920,
   "period": "day",
   "weather": "cloudy"
  },
  {
   "file_name": "000011_1616013360500.jpg",
   "id": 33,
   "height": 1020,
   "width": 1920,
   "period": "day",
   "weather": "cloudy"
  },
  {
   "file_name": "000012_1616013479399.jpg",
   "id": 34,
   "height": 1020,
   "width": 1920,
   "period": "day",
   "weather": "cloudy"
  },
  {
   "file_name": "000013_1616013940200.jpg",
   "id": 35,
   "height": 1020,
   "width": 1920,
   "period": "day",
   "weather": "cloudy"
  },
  {
   "file_name": "000013_1616014058200.jpg",
   "id": 36,
   "height": 1020,
   "width": 1920,
   "period": "day",
   "weather": "cloudy"
  },
  {
   "file_name": "000013_1616014079700.jpg",
   "id": 37,
   "height": 1020,
   "width": 1920,
   "period": "day",
   "weather": "cloudy"
  },
  {
   "file_name": "000014_1616014260300.jpg",
   "id": 38,
   "height": 1020,
   "width": 1920,
   "period": "day",
   "weather": "cloudy"
  },
  {
   "file_name": "000015_1616014612899.jpg",
   "id": 39,
   "height": 1020,
   "width": 1920,
   "period": "day",
   "weather": "cloudy"
  },
  {
   "file_name": "000017_1616016385800.jpg",
   "id": 40,
   "height": 1020,
   "width": 1920,
   "period": "day",
   "weather": "cloudy"
  },
  {
   "file_name": "000017_1616016396300.jpg",
   "id": 41,
   "height": 1020,
   "width": 1920,
   "period": "day",
   "weather": "cloudy"
  },
  {
   "file_name": "000018_1616017424500.jpg",
   "id": 42,
   "height": 1020,
   "width": 1920,
   "period": "day",
   "weather": "cloudy"
  },
  {
   "file_name": "000018_1616017701499.jpg",
   "id": 43,
   "height": 1020,
   "width": 1920,
   "period": "day",
   "weather": "cloudy"
  },
  {
   "file_name": "000019_1616018520900.jpg",
   "id": 44,
   "height": 1020,
   "width": 1920,
   "period": "day",
   "weather": "cloudy"
  },
  {
   "file_name": "000019_1616018522899.jpg",
   "id": 45,
   "height": 1020,
   "width": 1920,
   "period": "day",
   "weather": "cloudy"
  },
  {
   "file_name": "000019_1616018886399.jpg",
   "id": 46,
   "height": 1020,
   "width": 1920,
   "period": "day",
   "weather": "cloudy"
  },
  {
   "file_name": "000019_1616019221900.jpg",
   "id": 47,
   "height": 1020,
   "width": 1920,
   "period": "day",
   "weather": "cloudy"
  },
  {
   "file_name": "000020_1616097126699.jpg",
   "id": 48,
   "height": 1020,
   "width": 1920,
   "period": "day",
   "weather": "rainy"
  },
  {
   "file_name": "000020_1616097569699.jpg",
   "id": 49,
   "height": 1020,
   "width": 1920,
   "period": "day",
   "weather": "rainy"
  },
  {
   "file_name": "000020_1616097601700.jpg",
   "id": 50,
   "height": 1020,
   "width": 1920,
   "period": "day",
   "weather": "rainy"
  },
  {
   "file_name": "000021_1616097660500.jpg",
   "id": 51,
   "height": 1020,
   "width": 1920,
   "period": "day",
   "weather": "rainy"
  },
  {
   "file_name": "000022_1616098633200.jpg",
   "id": 52,
   "height": 1020,
   "width": 1920,
   "period": "day",
   "weather": "rainy"
  },
  {
   "file_name": "000023_1616098846901.jpg",
   "id": 53,
   "height": 1020,
   "width": 1920,
   "period": "day",
   "weather": "rainy"
  },
  {
   "file_name": "000023_1616099070901.jpg",
   "id": 54,
   "height": 1020,
   "width": 1920,
   "period": "day",
   "weather": "rainy"
  },
  {
   "file_name": "000023_1616099075899.jpg",
   "id": 55,
   "height": 1020,
   "width": 1920,
   "period": "day",
   "weather": "rainy"
  },
  {
   "file_name": "000024_1616099716400.jpg",
   "id": 56,
   "height": 1020,
   "width": 1920,
   "period": "day",
   "weather": "rainy"
  },
  {
   "file_name": "000025_1616099951499.jpg",
   "id": 57,
   "height": 1020,
   "width": 1920,
   "period": "day",
   "weather": "rainy"
  },
  {
   "file_name": "000025_1616100346999.jpg",
   "id": 58,
   "height": 1020,
   "width": 1920,
   "period": "day",
   "weather": "rainy"
  },
  {
   "file_name": "000027_1616101101401.jpg",
   "id": 59,
   "height": 1020,
   "width": 1920,
   "period": "day",
   "weather": "rainy"
  },
  {
   "file_name": "000027_1616101192399.jpg",
   "id": 60,
   "height": 1020,
   "width": 1920,
   "period": "day",
   "weather": "rainy"
  },
  {
   "file_name": "000027_1616101735400.jpg",
   "id": 61,
   "height": 1020,
   "width": 1920,
   "period": "day",
   "weather": "rainy"
  },
  {
   "file_name": "000028_1616102382799.jpg",
   "id": 62,
   "height": 1020,
   "width": 1920,
   "period": "day",
   "weather": "rainy"
  },
  {
   "file_name": "000028_1616102408799.jpg",
   "id": 63,
   "height": 1020,
   "width": 1920,
   "period": "day",
   "weather": "rainy"
  },
  {
   "file_name": "000028_1616102412300.jpg",
   "id": 64,
   "height": 1020,
   "width": 1920,
   "period": "day",
   "weather": "rainy"
  },
  {
   "file_name": "000028_1616102538800.jpg",
   "id": 65,
   "height": 1020,
   "width": 1920,
   "period": "day",
   "weather": "rainy"
  },
  {
   "file_name": "000029_1616102945099.jpg",
   "id": 66,
   "height": 1020,
   "width": 1920,
   "period": "day",
   "weather": "rainy"
  },
  {
   "file_name": "000029_1616102946100.jpg",
   "id": 67,
   "height": 1020,
   "width": 1920,
   "period": "day",
   "weather": "rainy"
  },
  {
   "file_name": "000029_1616103214599.jpg",
   "id": 68,
   "height": 1020,
   "width": 1920,
   "period": "day",
   "weather": "rainy"
  },
  {
   "file_name": "000032_1616104982899.jpg",
   "id": 69,
   "height": 1020,
   "width": 1920,
   "period": "day",
   "weather": "rainy"
  },
  {
   "file_name": "000033_1616105526200.jpg",
   "id": 70,
   "height": 1020,
   "width": 1920,
   "period": "day",
   "weather": "rainy"
  },
  {
   "file_name": "000036_1616176998100.jpg",
   "id": 71,
   "height": 1020,
   "width": 1920,
   "period": "day",
   "weather": "rainy"
  },
  {
   "file_name": "000036_1616177006100.jpg",
   "id": 72,
   "height": 1020,
   "width": 1920,
   "period": "day",
   "weather": "rainy"
  },
  {
   "file_name": "000036_1616177258600.jpg",
   "id": 73,
   "height": 1020,
   "width": 1920,
   "period": "day",
   "weather": "rainy"
  },
  {
   "file_name": "000036_1616177260599.jpg",
   "id": 74,
   "height": 1020,
   "width": 1920,
   "period": "day",
   "weather": "rainy"
  },
  {
   "file_name": "000038_1616179530400.jpg",
   "id": 75,
   "height": 1020,
   "width": 1920,
   "period": "day",
   "weather": "cloudy"
  },
  {
   "file_name": "000038_1616179765900.jpg",
   "id": 76,
   "height": 1020,
   "width": 1920,
   "period": "day",
   "weather": "cloudy"
  },
  {
   "file_name": "000038_1616179771400.jpg",
   "id": 77,
   "height": 1020,
   "width": 1920,
   "period": "day",
   "weather": "cloudy"
  },
  {
   "file_name": "000038_1616180128400.jpg",
   "id": 78,
   "height": 1020,
   "width": 1920,
   "period": "day",
   "weather": "cloudy"
  },
  {
   "file_name": "000039_1616180466500.jpg",
   "id": 79,
   "height": 1020,
   "width": 1920,
   "period": "day",
   "weather": "cloudy"
  },
  {
   "file_name": "000039_1616180824500.jpg",
   "id": 80,
   "height": 1020,
   "width": 1920,
   "period": "day",
   "weather": "cloudy"
  },
  {
   "file_name": "000039_1616180870000.jpg",
   "id": 81,
   "height": 1020,
   "width": 1920,
   "period": "day",
   "weather": "cloudy"
  },
  {
   "file_name": "000039_1616180870499.jpg",
   "id": 82,
   "height": 1020,
   "width": 1920,
   "period": "day",
   "weather": "cloudy"
  },
  {
   "file_name": "000040_1616181607700.jpg",
   "id": 83,
   "height": 1020,
   "width": 1920,
   "period": "day",
   "weather": "cloudy"
  },
  {
   "file_name": "000040_1616181609200.jpg",
   "id": 84,
   "height": 1020,
   "width": 1920,
   "period": "day",
   "weather": "cloudy"
  },
  {
   "file_name": "000040_1616181621700.jpg",
   "id": 85,
   "height": 1020,
   "width": 1920,
   "period": "day",
   "weather": "cloudy"
  },
  {
   "file_name": "000041_1616181629200.jpg",
   "id": 86,
   "height": 1020,
   "width": 1920,
   "period": "day",
   "weather": "cloudy"
  },
  {
   "file_name": "000041_1616181630200.jpg",
   "id": 87,
   "height": 1020,
   "width": 1920,
   "period": "day",
   "weather": "cloudy"
  },
  {
   "file_name": "000041_1616182041700.jpg",
   "id": 88,
   "height": 1020,
   "width": 1920,
   "period": "day",
   "weather": "cloudy"
  },
  {
   "file_name": "000041_1616182042199.jpg",
   "id": 89,
   "height": 1020,
   "width": 1920,
   "period": "day",
   "weather": "cloudy"
  },
  {
   "file_name": "000041_1616182096700.jpg",
   "id": 90,
   "height": 1020,
   "width": 1920,
   "period": "day",
   "weather": "cloudy"
  },
  {
   "file_name": "000041_1616182187200.jpg",
   "id": 91,
   "height": 1020,
   "width": 1920,
   "period": "day",
   "weather": "cloudy"
  },
  {
   "file_name": "000043_1616182545599.jpg",
   "id": 92,
   "height": 1020,
   "width": 1920,
   "period": "day",
   "weather": "cloudy"
  },
  {
   "file_name": "000043_1616182780600.jpg",
   "id": 93,
   "height": 1020,
   "width": 1920,
   "period": "day",
   "weather": "cloudy"
  },
  {
   "file_name": "000044_1616183249999.jpg",
   "id": 94,
   "height": 1020,
   "width": 1920,
   "period": "day",
   "weather": "cloudy"
  },
  {
   "file_name": "000045_1616183652999.jpg",
   "id": 95,
   "height": 1020,
   "width": 1920,
   "period": "day",
   "weather": "cloudy"
  },
  {
   "file_name": "000046_1616185692399.jpg",
   "id": 96,
   "height": 1020,
   "width": 1920,
   "period": "day",
   "weather": "cloudy"
  },
  {
   "file_name": "000046_1616185794400.jpg",
   "id": 97,
   "height": 1020,
   "width": 1920,
   "period": "day",
   "weather": "cloudy"
  },
  {
   "file_name": "000047_1616188032800.jpg",
   "id": 98,
   "height": 1020,
   "width": 1920,
   "period": "day",
   "weather": "cloudy"
  },
  {
   "file_name": "000047_1616188378300.jpg",
   "id": 99,
   "height": 1020,
   "width": 1920,
   "period": "day",
   "weather": "cloudy"
  },
  {
   "file_name": "000051_1616190503099.jpg",
   "id": 100,
   "height": 1020,
   "width": 1920,
   "period": "day",
   "weather": "cloudy"
  }
 ],
 "annotations": [
  {
   "image_id": 1,
   "category_id": 19,
   "bbox": [
    1796.08,
    792.36,
    56.41,
    223.08
   ],
   "area": 12583.9428,
   "id": 1,
   "iscrowd": 0
  },
  {
   "image_id": 2,
   "category_id": 23,
   "bbox": [
    1444.47,
    794.47,
    86.46,
    183.07
   ],
   "area": 15828.2322,
   "id": 2,
   "iscrowd": 0
  },
  {
   "image_id": 2,
   "category_id": 19,
   "bbox": [
    1609.08,
    645.71,
    24.42,
    88.77
   ],
   "area": 2167.7634,
   "id": 3,
   "iscrowd": 0
  },
  {
   "image_id": 3,
   "category_id": 23,
   "bbox": [
    1569.95,
    789.73,
    90.8,
    162.27
   ],
   "area": 14734.116,
   "id": 4,
   "iscrowd": 0
  },
  {
   "image_id": 3,
   "category_id": 27,
   "bbox": [
    1673.28,
    852.06,
    244.5,
    51.5
   ],
   "area": 12591.75,
   "id": 5,
   "iscrowd": 0
  },
  {
   "image_id": 3,
   "category_id": 27,
   "bbox": [
    1628.25,
    780.75,
    261.25,
    85.0
   ],
   "area": 22206.25,
   "id": 6,
   "iscrowd": 0
  },
  {
   "image_id": 4,
   "category_id": 23,
   "bbox": [
    1845.81,
    715.81,
    57.5,
    128.75
   ],
   "area": 7403.125,
   "id": 7,
   "iscrowd": 0
  },
  {
   "image_id": 4,
   "category_id": 23,
   "bbox": [
    1380.75,
    712.0,
    63.75,
    126.25
   ],
   "area": 8048.4375,
   "id": 8,
   "iscrowd": 0
  },
  {
   "image_id": 4,
   "category_id": 23,
   "bbox": [
    1214.5,
    694.5,
    55.0,
    101.25
   ],
   "area": 5568.75,
   "id": 9,
   "iscrowd": 0
  },
  {
   "image_id": 4,
   "category_id": 23,
   "bbox": [
    1224.5,
    677.0,
    41.25,
    91.25
   ],
   "area": 3764.0625,
   "id": 10,
   "iscrowd": 0
  },
  {
   "image_id": 4,
   "category_id": 35,
   "bbox": [
    1318.25,
    613.25,
    47.5,
    145.0
   ],
   "area": 6887.5,
   "id": 11,
   "iscrowd": 0
  },
  {
   "image_id": 4,
   "category_id": 27,
   "bbox": [
    1559.65,
    777.19,
    143.86,
    80.7
   ],
   "area": 11609.502,
   "id": 12,
   "iscrowd": 0
  },
  {
   "image_id": 4,
   "category_id": 31,
   "bbox": [
    1424.12,
    697.06,
    82.29,
    101.23
   ],
   "area": 8330.2167,
   "id": 13,
   "iscrowd": 0
  },
  {
   "image_id": 4,
   "category_id": 26,
   "bbox": [
    1507.0,
    680.75,
    211.73,
    202.88
   ],
   "area": 42955.7824,
   "id": 14,
   "iscrowd": 0
  },
  {
   "image_id": 4,
   "category_id": 27,
   "bbox": [
    1451.75,
    790.35,
    152.63,
    43.86
   ],
   "area": 6694.3518,
   "id": 15,
   "iscrowd": 0
  },
  {
   "image_id": 5,
   "category_id": 23,
   "bbox": [
    1618.25,
    778.25,
    107.5,
    181.25
   ],
   "area": 19484.375,
   "id": 16,
   "iscrowd": 0
  },
  {
   "image_id": 5,
   "category_id": 23,
   "bbox": [
    1337.0,
    724.5,
    77.5,
    151.25
   ],
   "area": 11721.875,
   "id": 17,
   "iscrowd": 0
  },
  {
   "image_id": 5,
   "category_id": 35,
   "bbox": [
    1452.0,
    614.5,
    62.5,
    192.5
   ],
   "area": 12031.25,
   "id": 18,
   "iscrowd": 0
  },
  {
   "image_id": 5,
   "category_id": 23,
   "bbox": [
    1339.5,
    698.25,
    40.0,
    123.75
   ],
   "area": 4950.0,
   "id": 19,
   "iscrowd": 0
  },
  {
   "image_id": 5,
   "category_id": 31,
   "bbox": [
    1594.62,
    736.92,
    133.63,
    136.33
   ],
   "area": 18217.7779,
   "id": 20,
   "iscrowd": 0
  },
  {
   "image_id": 5,
   "category_id": 27,
   "bbox": [
    1696.9,
    892.89,
    221.25,
    64.14
   ],
   "area": 14190.975,
   "id": 21,
   "iscrowd": 0
  },
  {
   "image_id": 6,
   "category_id": 23,
   "bbox": [
    1552.0,
    758.25,
    103.75,
    197.5
   ],
   "area": 20490.625,
   "id": 22,
   "iscrowd": 0
  },
  {
   "image_id": 6,
   "category_id": 23,
   "bbox": [
    1689.5,
    847.0,
    78.75,
    170.0
   ],
   "area": 13387.5,
   "id": 23,
   "iscrowd": 0
  },
  {
   "image_id": 6,
   "category_id": 35,
   "bbox": [
    1698.25,
    619.5,
    108.75,
    296.25
   ],
   "area": 32217.1875,
   "id": 24,
   "iscrowd": 0
  },
  {
   "image_id": 7,
   "category_id": 3,
   "bbox": [
    1393.25,
    543.25,
    282.5,
    112.5
   ],
   "area": 31781.25,
   "id": 25,
   "iscrowd": 0
  },
  {
   "image_id": 7,
   "category_id": 19,
   "bbox": [
    1833.25,
    665.75,
    26.25,
    133.75
   ],
   "area": 3510.9375,
   "id": 26,
   "iscrowd": 0
  },
  {
   "image_id": 7,
   "category_id": 19,
   "bbox": [
    1864.5,
    652.0,
    23.75,
    115.0
   ],
   "area": 2731.25,
   "id": 27,
   "iscrowd": 0
  },
  {
   "image_id": 7,
   "category_id": 19,
   "bbox": [
    30.93,
    622.66,
    20.73,
    93.9
   ],
   "area": 1946.547,
   "id": 28,
   "iscrowd": 0
  },
  {
   "image_id": 8,
   "category_id": 18,
   "bbox": [
    4.5,
    808.25,
    143.75,
    207.5
   ],
   "area": 29828.125,
   "id": 29,
   "iscrowd": 0
  },
  {
   "image_id": 8,
   "category_id": 18,
   "bbox": [
    154.5,
    818.25,
    219.5,
    200.75
   ],
   "area": 44064.625,
   "id": 30,
   "iscrowd": 0
  },
  {
   "image_id": 8,
   "category_id": 18,
   "bbox": [
    153.69,
    786.22,
    203.75,
    233.78
   ],
   "area": 47632.675,
   "id": 31,
   "iscrowd": 0
  },
  {
   "image_id": 9,
   "category_id": 3,
   "bbox": [
    1612.0,
    502.0,
    161.61,
    185.29
   ],
   "area": 29944.7169,
   "id": 32,
   "iscrowd": 0
  },
  {
   "image_id": 10,
   "category_id": 23,
   "bbox": [
    365.0,
    637.0,
    47.0,
    93.75
   ],
   "area": 4406.25,
   "id": 33,
   "iscrowd": 0
  },
  {
   "image_id": 10,
   "category_id": 23,
   "bbox": [
    119.25,
    686.25,
    50.25,
    119.5
   ],
   "area": 6004.875,
   "id": 34,
   "iscrowd": 0
  },
  {
   "image_id": 10,
   "category_id": 26,
   "bbox": [
    264.94,
    596.02,
    56.18,
    60.16
   ],
   "area": 3379.7888,
   "id": 35,
   "iscrowd": 0
  },
  {
   "image_id": 10,
   "category_id": 23,
   "bbox": [
    1109.62,
    605.77,
    29.49,
    78.85
   ],
   "area": 2325.2865,
   "id": 36,
   "iscrowd": 0
  },
  {
   "image_id": 10,
   "category_id": 23,
   "bbox": [
    1103.85,
    608.97,
    24.36,
    54.49
   ],
   "area": 1327.3764,
   "id": 37,
   "iscrowd": 0
  },
  {
   "image_id": 10,
   "category_id": 23,
   "bbox": [
    247.81,
    613.55,
    25.9,
    49.8
   ],
   "area": 1289.82,
   "id": 38,
   "iscrowd": 0
  },
  {
   "image_id": 10,
   "category_id": 23,
   "bbox": [
    158.35,
    608.47,
    25.86,
    46.22
   ],
   "area": 1195.2492,
   "id": 39,
   "iscrowd": 0
  },
  {
   "image_id": 10,
   "category_id": 23,
   "bbox": [
    199.77,
    599.77,
    22.43,
    40.05
   ],
   "area": 898.3215,
   "id": 40,
   "iscrowd": 0
  },
  {
   "image_id": 11,
   "category_id": 23,
   "bbox": [
    1413.25,
    672.0,
    103.75,
    235.0
   ],
   "area": 24381.25,
   "id": 41,
   "iscrowd": 0
  },
  {
   "image_id": 11,
   "category_id": 23,
   "bbox": [
    1311.25,
    657.5,
    69.5,
    128.25
   ],
   "area": 8913.375,
   "id": 42,
   "iscrowd": 0
  },
  {
   "image_id": 11,
   "category_id": 19,
   "bbox": [
    1580.16,
    631.17,
    20.24,
    87.45
   ],
   "area": 1769.988,
   "id": 43,
   "iscrowd": 0
  },
  {
   "image_id": 11,
   "category_id": 19,
   "bbox": [
    1535.22,
    597.57,
    13.36,
    51.42
   ],
   "area": 686.9712,
   "id": 44,
   "iscrowd": 0
  },
  {
   "image_id": 11,
   "category_id": 19,
   "bbox": [
    1608.1,
    595.55,
    14.17,
    53.44
   ],
   "area": 757.2448,
   "id": 45,
   "iscrowd": 0
  },
  {
   "image_id": 11,
   "category_id": 23,
   "bbox": [
    601.61,
    582.26,
    33.06,
    62.5
   ],
   "area": 2066.25,
   "id": 46,
   "iscrowd": 0
  },
  {
   "image_id": 11,
   "category_id": 23,
   "bbox": [
    695.56,
    587.5,
    23.79,
    45.16
   ],
   "area": 1074.3564,
   "id": 47,
   "iscrowd": 0
  },
  {
   "image_id": 11,
   "category_id": 18,
   "bbox": [
    1132.35,
    592.53,
    24.21,
    31.22
   ],
   "area": 755.8362,
   "id": 48,
   "iscrowd": 0
  },
  {
   "image_id": 11,
   "category_id": 23,
   "bbox": [
    1620.96,
    652.57,
    29.41,
    58.46
   ],
   "area": 1719.3086,
   "id": 49,
   "iscrowd": 0
  },
  {
   "image_id": 11,
   "category_id": 19,
   "bbox": [
    1381.67,
    590.95,
    9.95,
    41.18
   ],
   "area": 409.741,
   "id": 50,
   "iscrowd": 0
  },
  {
   "image_id": 11,
   "category_id": 19,
   "bbox": [
    1445.02,
    591.18,
    9.95,
    41.86
   ],
   "area": 416.507,
   "id": 51,
   "iscrowd": 0
  },
  {
   "image_id": 11,
   "category_id": 19,
   "bbox": [
    1508.37,
    589.37,
    9.28,
    44.8
   ],
   "area": 415.744,
   "id": 52,
   "iscrowd": 0
  },
  {
   "image_id": 12,
   "category_id": 18,
   "bbox": [
    1789.5,
    799.5,
    129.5,
    181.5
   ],
   "area": 23504.25,
   "id": 53,
   "iscrowd": 0
  },
  {
   "image_id": 12,
   "category_id": 23,
   "bbox": [
    1633.25,
    757.0,
    71.25,
    138.75
   ],
   "area": 9885.9375,
   "id": 54,
   "iscrowd": 0
  },
  {
   "image_id": 13,
   "category_id": 3,
   "bbox": [
    1545.87,
    563.31,
    373.13,
    147.69
   ],
   "area": 55107.5697,
   "id": 55,
   "iscrowd": 0
  },
  {
   "image_id": 14,
   "category_id": 9,
   "bbox": [
    1152.83,
    567.45,
    110.85,
    98.58
   ],
   "area": 10927.593,
   "id": 56,
   "iscrowd": 0
  },
  {
   "image_id": 14,
   "category_id": 9,
   "bbox": [
    1298.58,
    571.23,
    122.17,
    114.15
   ],
   "area": 13945.7055,
   "id": 57,
   "iscrowd": 0
  },
  {
   "image_id": 15,
   "category_id": 9,
   "bbox": [
    1393.25,
    588.25,
    148.7,
    149.11
   ],
   "area": 22172.657,
   "id": 58,
   "iscrowd": 0
  },
  {
   "image_id": 15,
   "category_id": 9,
   "bbox": [
    1200.0,
    576.82,
    133.11,
    127.81
   ],
   "area": 17012.7891,
   "id": 59,
   "iscrowd": 0
  },
  {
   "image_id": 16,
   "category_id": 9,
   "bbox": [
    1252.0,
    585.75,
    181.25,
    155.0
   ],
   "area": 28093.75,
   "id": 60,
   "iscrowd": 0
  },
  {
   "image_id": 16,
   "category_id": 9,
   "bbox": [
    1542.0,
    599.5,
    201.25,
    203.75
   ],
   "area": 41004.6875,
   "id": 61,
   "iscrowd": 0
  },
  {
   "image_id": 17,
   "category_id": 9,
   "bbox": [
    1265.71,
    567.76,
    110.04,
    155.49
   ],
   "area": 17110.1196,
   "id": 62,
   "iscrowd": 0
  },
  {
   "image_id": 17,
   "category_id": 9,
   "bbox": [
    1216.08,
    574.83,
    136.79,
    129.2
   ],
   "area": 17673.268,
   "id": 63,
   "iscrowd": 0
  },
  {
   "image_id": 17,
   "category_id": 9,
   "bbox": [
    1196.5,
    579.02,
    134.29,
    115.37
   ],
   "area": 15493.0373,
   "id": 64,
   "iscrowd": 0
  },
  {
   "image_id": 18,
   "category_id": 9,
   "bbox": [
    1508.98,
    612.9,
    225.52,
    270.35
   ],
   "area": 60969.332,
   "id": 65,
   "iscrowd": 0
  },
  {
   "image_id": 18,
   "category_id": 9,
   "bbox": [
    1614.5,
    584.5,
    241.25,
    350.0
   ],
   "area": 84437.5,
   "id": 66,
   "iscrowd": 0
  },
  {
   "image_id": 18,
   "category_id": 23,
   "bbox": [
    1367.0,
    610.75,
    37.5,
    66.25
   ],
   "area": 2484.375,
   "id": 67,
   "iscrowd": 0
  },
  {
   "image_id": 18,
   "category_id": 23,
   "bbox": [
    1507.0,
    638.25,
    35.0,
    76.25
   ],
   "area": 2668.75,
   "id": 68,
   "iscrowd": 0
  },
  {
   "image_id": 18,
   "category_id": 23,
   "bbox": [
    1847.28,
    620.11,
    45.11,
    81.52
   ],
   "area": 3677.3672,
   "id": 69,
   "iscrowd": 0
  },
  {
   "image_id": 19,
   "category_id": 19,
   "bbox": [
    1629.5,
    750.75,
    55.0,
    225.0
   ],
   "area": 12375.0,
   "id": 70,
   "iscrowd": 0
  },
  {
   "image_id": 19,
   "category_id": 19,
   "bbox": [
    1435.0,
    686.25,
    39.5,
    162.0
   ],
   "area": 6399.0,
   "id": 71,
   "iscrowd": 0
  },
  {
   "image_id": 19,
   "category_id": 19,
   "bbox": [
    1549.25,
    664.25,
    30.25,
    125.25
   ],
   "area": 3788.8125,
   "id": 72,
   "iscrowd": 0
  },
  {
   "image_id": 19,
   "category_id": 19,
   "bbox": [
    1729.75,
    652.25,
    31.0,
    103.5
   ],
   "area": 3208.5,
   "id": 73,
   "iscrowd": 0
  },
  {
   "image_id": 20,
   "category_id": 19,
   "bbox": [
    1624.5,
    748.25,
    56.25,
    222.5
   ],
   "area": 12515.625,
   "id": 74,
   "iscrowd": 0
  },
  {
   "image_id": 20,
   "category_id": 19,
   "bbox": [
    1720.0,
    697.5,
    34.5,
    165.75
   ],
   "area": 5718.375,
   "id": 75,
   "iscrowd": 0
  },
  {
   "image_id": 21,
   "category_id": 23,
   "bbox": [
    1687.0,
    823.25,
    73.75,
    192.5
   ],
   "area": 14196.875,
   "id": 76,
   "iscrowd": 0
  },
  {
   "image_id": 21,
   "category_id": 15,
   "bbox": [
    1119.5,
    498.25,
    106.25,
    128.75
   ],
   "area": 13679.6875,
   "id": 77,
   "iscrowd": 0
  },
  {
   "image_id": 21,
   "category_id": 23,
   "bbox": [
    1786.25,
    717.5,
    80.75,
    153.25
   ],
   "area": 12374.9375,
   "id": 78,
   "iscrowd": 0
  },
  {
   "image_id": 21,
   "category_id": 23,
   "bbox": [
    1175.5,
    664.25,
    55.25,
    116.5
   ],
   "area": 6436.625,
   "id": 79,
   "iscrowd": 0
  },
  {
   "image_id": 21,
   "category_id": 23,
   "bbox": [
    1490.75,
    650.75,
    52.5,
    93.75
   ],
   "area": 4921.875,
   "id": 80,
   "iscrowd": 0
  },
  {
   "image_id": 21,
   "category_id": 23,
   "bbox": [
    1376.25,
    627.5,
    39.5,
    78.25
   ],
   "area": 3090.875,
   "id": 81,
   "iscrowd": 0
  },
  {
   "image_id": 21,
   "category_id": 23,
   "bbox": [
    1294.25,
    610.5,
    29.0,
    57.75
   ],
   "area": 1674.75,
   "id": 82,
   "iscrowd": 0
  },
  {
   "image_id": 22,
   "category_id": 26,
   "bbox": [
    1408.25,
    630.75,
    71.46,
    118.74
   ],
   "area": 8485.1604,
   "id": 83,
   "iscrowd": 0
  },
  {
   "image_id": 22,
   "category_id": 23,
   "bbox": [
    1202.1,
    641.96,
    49.65,
    93.71
   ],
   "area": 4652.7015,
   "id": 84,
   "iscrowd": 0
  },
  {
   "image_id": 22,
   "category_id": 23,
   "bbox": [
    1191.61,
    634.97,
    43.36,
    85.31
   ],
   "area": 3699.0416,
   "id": 85,
   "iscrowd": 0
  },
  {
   "image_id": 23,
   "category_id": 23,
   "bbox": [
    1293.0,
    671.0,
    70.25,
    123.5
   ],
   "area": 8675.875,
   "id": 86,
   "iscrowd": 0
  },
  {
   "image_id": 23,
   "category_id": 26,
   "bbox": [
    1620.75,
    668.25,
    94.32,
    175.14
   ],
   "area": 16519.2048,
   "id": 87,
   "iscrowd": 0
  },
  {
   "image_id": 23,
   "category_id": 23,
   "bbox": [
    1309.75,
    685.25,
    81.0,
    140.5
   ],
   "area": 11380.5,
   "id": 88,
   "iscrowd": 0
  },
  {
   "image_id": 24,
   "category_id": 23,
   "bbox": [
    1604.5,
    799.5,
    121.25,
    217.5
   ],
   "area": 26371.875,
   "id": 89,
   "iscrowd": 0
  },
  {
   "image_id": 24,
   "category_id": 23,
   "bbox": [
    1519.95,
    761.68,
    110.8,
    200.32
   ],
   "area": 22195.456,
   "id": 90,
   "iscrowd": 0
  },
  {
   "image_id": 25,
   "category_id": 3,
   "bbox": [
    5.75,
    557.0,
    102.5,
    91.25
   ],
   "area": 9353.125,
   "id": 91,
   "iscrowd": 0
  },
  {
   "image_id": 26,
   "category_id": 27,
   "bbox": [
    919.5,
    587.0,
    267.5,
    112.5
   ],
   "area": 30093.75,
   "id": 92,
   "iscrowd": 0
  },
  {
   "image_id": 26,
   "category_id": 27,
   "bbox": [
    1250.75,
    592.0,
    137.5,
    80.0
   ],
   "area": 11000.0,
   "id": 93,
   "iscrowd": 0
  },
  {
   "image_id": 27,
   "category_id": 27,
   "bbox": [
    1500.75,
    605.75,
    160.0,
    95.0
   ],
   "area": 15200.0,
   "id": 94,
   "iscrowd": 0
  },
  {
   "image_id": 27,
   "category_id": 27,
   "bbox": [
    1129.5,
    598.25,
    305.0,
    133.75
   ],
   "area": 40793.75,
   "id": 95,
   "iscrowd": 0
  },
  {
   "image_id": 28,
   "category_id": 15,
   "bbox": [
    1293.25,
    0.75,
    623.75,
    983.75
   ],
   "area": 613614.0625,
   "id": 96,
   "iscrowd": 0
  },
  {
   "image_id": 29,
   "category_id": 4,
   "bbox": [
    1478.25,
    360.75,
    438.75,
    632.5
   ],
   "area": 277509.375,
   "id": 97,
   "iscrowd": 0
  },
  {
   "image_id": 30,
   "category_id": 7,
   "bbox": [
    1144.5,
    183.25,
    772.5,
    657.5
   ],
   "area": 507918.75,
   "id": 98,
   "iscrowd": 0
  },
  {
   "image_id": 31,
   "category_id": 2,
   "bbox": [
    1760.2,
    588.51,
    158.54,
    398.78
   ],
   "area": 63222.5812,
   "id": 99,
   "iscrowd": 0
  },
  {
   "image_id": 31,
   "category_id": 19,
   "bbox": [
    1631.03,
    722.21,
    52.05,
    230.14
   ],
   "area": 11978.787,
   "id": 100,
   "iscrowd": 0
  },
  {
   "image_id": 31,
   "category_id": 24,
   "bbox": [
    354.25,
    608.5,
    101.88,
    21.21
   ],
   "area": 2160.8748,
   "id": 101,
   "iscrowd": 0
  },
  {
   "image_id": 31,
   "category_id": 26,
   "bbox": [
    1167.0,
    523.25,
    40.07,
    93.05
   ],
   "area": 3728.5135,
   "id": 102,
   "iscrowd": 0
  },
  {
   "image_id": 31,
   "category_id": 26,
   "bbox": [
    380.57,
    504.05,
    20.65,
    102.83
   ],
   "area": 2123.4395,
   "id": 103,
   "iscrowd": 0
  },
  {
   "image_id": 32,
   "category_id": 24,
   "bbox": [
    860.06,
    629.07,
    75.08,
    18.21
   ],
   "area": 1367.2068,
   "id": 104,
   "iscrowd": 0
  },
  {
   "image_id": 32,
   "category_id": 25,
   "bbox": [
    873.48,
    481.15,
    49.2,
    146.01
   ],
   "area": 7183.692,
   "id": 105,
   "iscrowd": 0
  },
  {
   "image_id": 32,
   "category_id": 26,
   "bbox": [
    893.13,
    532.14,
    14.84,
    95.33
   ],
   "area": 1414.6972,
   "id": 106,
   "iscrowd": 0
  },
  {
   "image_id": 33,
   "category_id": 24,
   "bbox": [
    435.05,
    739.18,
    243.3,
    59.79
   ],
   "area": 14546.907,
   "id": 107,
   "iscrowd": 0
  },
  {
   "image_id": 33,
   "category_id": 19,
   "bbox": [
    453.25,
    593.03,
    30.0,
    153.75
   ],
   "area": 4612.5,
   "id": 108,
   "iscrowd": 0
  },
  {
   "image_id": 33,
   "category_id": 23,
   "bbox": [
    580.73,
    641.14,
    48.96,
    107.29
   ],
   "area": 5252.9184,
   "id": 109,
   "iscrowd": 0
  },
  {
   "image_id": 33,
   "category_id": 19,
   "bbox": [
    616.67,
    630.73,
    16.15,
    109.9
   ],
   "area": 1774.885,
   "id": 110,
   "iscrowd": 0
  },
  {
   "image_id": 33,
   "category_id": 19,
   "bbox": [
    636.46,
    598.96,
    18.75,
    142.19
   ],
   "area": 2666.0625,
   "id": 111,
   "iscrowd": 0
  },
  {
   "image_id": 33,
   "category_id": 19,
   "bbox": [
    667.19,
    621.88,
    14.06,
    94.79
   ],
   "area": 1332.7474,
   "id": 112,
   "iscrowd": 0
  },
  {
   "image_id": 33,
   "category_id": 19,
   "bbox": [
    684.9,
    617.19,
    14.58,
    87.5
   ],
   "area": 1275.75,
   "id": 113,
   "iscrowd": 0
  },
  {
   "image_id": 33,
   "category_id": 19,
   "bbox": [
    702.08,
    606.25,
    13.02,
    86.46
   ],
   "area": 1125.7092,
   "id": 114,
   "iscrowd": 0
  },
  {
   "image_id": 33,
   "category_id": 19,
   "bbox": [
    716.15,
    601.04,
    10.94,
    85.42
   ],
   "area": 934.4948,
   "id": 115,
   "iscrowd": 0
  },
  {
   "image_id": 33,
   "category_id": 19,
   "bbox": [
    729.17,
    589.58,
    11.46,
    85.94
   ],
   "area": 984.8724,
   "id": 116,
   "iscrowd": 0
  },
  {
   "image_id": 33,
   "category_id": 25,
   "bbox": [
    498.44,
    293.59,
    152.77,
    444.93
   ],
   "area": 67971.9561,
   "id": 117,
   "iscrowd": 0
  },
  {
   "image_id": 33,
   "category_id": 26,
   "bbox": [
    532.15,
    440.95,
    56.1,
    302.44
   ],
   "area": 16966.884,
   "id": 118,
   "iscrowd": 0
  },
  {
   "image_id": 34,
   "category_id": 3,
   "bbox": [
    5.75,
    538.25,
    537.5,
    466.25
   ],
   "area": 250609.375,
   "id": 119,
   "iscrowd": 0
  },
  {
   "image_id": 35,
   "category_id": 23,
   "bbox": [
    1669.18,
    717.14,
    98.54,
    152.94
   ],
   "area": 15070.7076,
   "id": 120,
   "iscrowd": 0
  },
  {
   "image_id": 35,
   "category_id": 23,
   "bbox": [
    1529.9,
    683.61,
    81.12,
    125.84
   ],
   "area": 10208.1408,
   "id": 121,
   "iscrowd": 0
  },
  {
   "image_id": 35,
   "category_id": 23,
   "bbox": [
    1456.75,
    661.75,
    62.57,
    108.7
   ],
   "area": 6801.359,
   "id": 122,
   "iscrowd": 0
  },
  {
   "image_id": 35,
   "category_id": 23,
   "bbox": [
    1374.5,
    644.5,
    43.75,
    87.5
   ],
   "area": 3828.125,
   "id": 123,
   "iscrowd": 0
  },
  {
   "image_id": 35,
   "category_id": 23,
   "bbox": [
    1308.42,
    633.42,
    36.25,
    72.58
   ],
   "area": 2631.025,
   "id": 124,
   "iscrowd": 0
  },
  {
   "image_id": 35,
   "category_id": 23,
   "bbox": [
    1283.67,
    628.0,
    36.33,
    65.33
   ],
   "area": 2373.4389,
   "id": 125,
   "iscrowd": 0
  },
  {
   "image_id": 35,
   "category_id": 23,
   "bbox": [
    1250.33,
    619.75,
    32.67,
    58.58
   ],
   "area": 1913.8086,
   "id": 126,
   "iscrowd": 0
  },
  {
   "image_id": 35,
   "category_id": 23,
   "bbox": [
    1216.67,
    606.42,
    28.67,
    56.25
   ],
   "area": 1612.6875,
   "id": 127,
   "iscrowd": 0
  },
  {
   "image_id": 35,
   "category_id": 23,
   "bbox": [
    1191.31,
    603.12,
    26.73,
    49.0
   ],
   "area": 1309.77,
   "id": 128,
   "iscrowd": 0
  },
  {
   "image_id": 35,
   "category_id": 23,
   "bbox": [
    1177.28,
    598.66,
    22.94,
    44.77
   ],
   "area": 1027.0238,
   "id": 129,
   "iscrowd": 0
  },
  {
   "image_id": 35,
   "category_id": 23,
   "bbox": [
    1161.25,
    595.55,
    20.27,
    42.32
   ],
   "area": 857.8264,
   "id": 130,
   "iscrowd": 0
  },
  {
   "image_id": 36,
   "category_id": 23,
   "bbox": [
    1700.12,
    669.22,
    71.05,
    118.07
   ],
   "area": 8388.8735,
   "id": 131,
   "iscrowd": 0
  },
  {
   "image_id": 36,
   "category_id": 23,
   "bbox": [
    1605.62,
    658.53,
    63.11,
    103.15
   ],
   "area": 6509.7965,
   "id": 132,
   "iscrowd": 0
  },
  {
   "image_id": 36,
   "category_id": 23,
   "bbox": [
    1814.25,
    704.75,
    80.09,
    121.57
   ],
   "area": 9736.5413,
   "id": 133,
   "iscrowd": 0
  },
  {
   "image_id": 37,
   "category_id": 23,
   "bbox": [
    374.59,
    633.28,
    77.07,
    168.65
   ],
   "area": 12997.8555,
   "id": 134,
   "iscrowd": 0
  },
  {
   "image_id": 38,
   "category_id": 18,
   "bbox": [
    627.0,
    640.75,
    69.0,
    107.25
   ],
   "area": 7400.25,
   "id": 135,
   "iscrowd": 0
  },
  {
   "image_id": 38,
   "category_id": 23,
   "bbox": [
    693.25,
    609.5,
    47.5,
    117.5
   ],
   "area": 5581.25,
   "id": 136,
   "iscrowd": 0
  },
  {
   "image_id": 39,
   "category_id": 6,
   "bbox": [
    1003.77,
    519.28,
    182.05,
    178.21
   ],
   "area": 32443.1305,
   "id": 137,
   "iscrowd": 0
  },
  {
   "image_id": 40,
   "category_id": 23,
   "bbox": [
    1578.25,
    753.25,
    80.0,
    175.0
   ],
   "area": 14000.0,
   "id": 138,
   "iscrowd": 0
  },
  {
   "image_id": 41,
   "category_id": 23,
   "bbox": [
    1095.0,
    647.11,
    56.79,
    113.61
   ],
   "area": 6451.9119,
   "id": 139,
   "iscrowd": 0
  },
  {
   "image_id": 41,
   "category_id": 23,
   "bbox": [
    1593.88,
    821.69,
    97.56,
    197.31
   ],
   "area": 19249.5636,
   "id": 140,
   "iscrowd": 0
  },
  {
   "image_id": 41,
   "category_id": 19,
   "bbox": [
    1715.75,
    744.5,
    50.0,
    212.5
   ],
   "area": 10625.0,
   "id": 141,
   "iscrowd": 0
  },
  {
   "image_id": 41,
   "category_id": 23,
   "bbox": [
    879.4,
    601.29,
    28.76,
    48.5
   ],
   "area": 1394.86,
   "id": 142,
   "iscrowd": 0
  },
  {
   "image_id": 41,
   "category_id": 23,
   "bbox": [
    854.94,
    591.42,
    24.89,
    42.92
   ],
   "area": 1068.2788,
   "id": 143,
   "iscrowd": 0
  },
  {
   "image_id": 41,
   "category_id": 23,
   "bbox": [
    805.58,
    575.54,
    18.45,
    34.76
   ],
   "area": 641.322,
   "id": 144,
   "iscrowd": 0
  },
  {
   "image_id": 42,
   "category_id": 23,
   "bbox": [
    8.25,
    642.0,
    55.0,
    126.25
   ],
   "area": 6943.75,
   "id": 145,
   "iscrowd": 0
  },
  {
   "image_id": 42,
   "category_id": 23,
   "bbox": [
    148.25,
    612.0,
    38.75,
    98.75
   ],
   "area": 3826.5625,
   "id": 146,
   "iscrowd": 0
  },
  {
   "image_id": 42,
   "category_id": 23,
   "bbox": [
    195.75,
    597.0,
    38.75,
    86.25
   ],
   "area": 3342.1875,
   "id": 147,
   "iscrowd": 0
  },
  {
   "image_id": 42,
   "category_id": 18,
   "bbox": [
    2.47,
    576.99,
    170.37,
    134.57
   ],
   "area": 22926.6909,
   "id": 148,
   "iscrowd": 0
  },
  {
   "image_id": 43,
   "category_id": 19,
   "bbox": [
    1699.0,
    809.0,
    53.0,
    210.0
   ],
   "area": 11130.0,
   "id": 149,
   "iscrowd": 0
  },
  {
   "image_id": 43,
   "category_id": 19,
   "bbox": [
    1380.75,
    699.53,
    37.5,
    155.0
   ],
   "area": 5812.5,
   "id": 150,
   "iscrowd": 0
  },
  {
   "image_id": 44,
   "category_id": 19,
   "bbox": [
    174.56,
    803.25,
    48.44,
    215.75
   ],
   "area": 10450.93,
   "id": 151,
   "iscrowd": 0
  },
  {
   "image_id": 44,
   "category_id": 19,
   "bbox": [
    363.85,
    742.17,
    45.12,
    195.12
   ],
   "area": 8803.8144,
   "id": 152,
   "iscrowd": 0
  },
  {
   "image_id": 44,
   "category_id": 19,
   "bbox": [
    472.39,
    701.93,
    34.15,
    158.54
   ],
   "area": 5414.141,
   "id": 153,
   "iscrowd": 0
  },
  {
   "image_id": 44,
   "category_id": 19,
   "bbox": [
    544.69,
    678.41,
    32.58,
    133.27
   ],
   "area": 4341.9366,
   "id": 154,
   "iscrowd": 0
  },
  {
   "image_id": 44,
   "category_id": 19,
   "bbox": [
    601.66,
    667.78,
    30.34,
    111.72
   ],
   "area": 3389.5848,
   "id": 155,
   "iscrowd": 0
  },
  {
   "image_id": 45,
   "category_id": 19,
   "bbox": [
    39.62,
    824.47,
    44.5,
    195.53
   ],
   "area": 8701.085,
   "id": 156,
   "iscrowd": 0
  },
  {
   "image_id": 45,
   "category_id": 19,
   "bbox": [
    291.25,
    757.5,
    54.5,
    215.75
   ],
   "area": 11758.375,
   "id": 157,
   "iscrowd": 0
  },
  {
   "image_id": 46,
   "category_id": 21,
   "bbox": [
    1620.75,
    339.5,
    298.25,
    408.5
   ],
   "area": 121835.125,
   "id": 158,
   "iscrowd": 0
  },
  {
   "image_id": 46,
   "category_id": 18,
   "bbox": [
    1553.49,
    664.32,
    365.51,
    152.68
   ],
   "area": 55806.0668,
   "id": 159,
   "iscrowd": 0
  },
  {
   "image_id": 46,
   "category_id": 23,
   "bbox": [
    1508.1,
    627.13,
    32.79,
    91.09
   ],
   "area": 2986.8411,
   "id": 160,
   "iscrowd": 0
  },
  {
   "image_id": 46,
   "category_id": 23,
   "bbox": [
    1525.1,
    627.53,
    35.22,
    96.76
   ],
   "area": 3407.8872,
   "id": 161,
   "iscrowd": 0
  },
  {
   "image_id": 47,
   "category_id": 21,
   "bbox": [
    1269.5,
    364.5,
    293.75,
    371.25
   ],
   "area": 109054.6875,
   "id": 162,
   "iscrowd": 0
  },
  {
   "image_id": 47,
   "category_id": 23,
   "bbox": [
    1292.0,
    622.0,
    40.0,
    101.25
   ],
   "area": 4050.0,
   "id": 163,
   "iscrowd": 0
  },
  {
   "image_id": 48,
   "category_id": 24,
   "bbox": [
    694.69,
    595.97,
    128.95,
    17.82
   ],
   "area": 2297.889,
   "id": 164,
   "iscrowd": 0
  },
  {
   "image_id": 48,
   "category_id": 19,
   "bbox": [
    559.7,
    572.14,
    15.92,
    71.14
   ],
   "area": 1132.5488,
   "id": 165,
   "iscrowd": 0
  },
  {
   "image_id": 48,
   "category_id": 19,
   "bbox": [
    344.62,
    580.77,
    15.38,
    70.0
   ],
   "area": 1076.6,
   "id": 166,
   "iscrowd": 0
  },
  {
   "image_id": 49,
   "category_id": 24,
   "bbox": [
    370.8,
    684.67,
    160.58,
    29.93
   ],
   "area": 4806.1594,
   "id": 167,
   "iscrowd": 0
  },
  {
   "image_id": 49,
   "category_id": 19,
   "bbox": [
    1619.31,
    660.69,
    17.93,
    71.03
   ],
   "area": 1273.5679,
   "id": 168,
   "iscrowd": 0
  },
  {
   "image_id": 49,
   "category_id": 19,
   "bbox": [
    1441.38,
    647.59,
    17.93,
    64.83
   ],
   "area": 1162.4019,
   "id": 169,
   "iscrowd": 0
  },
  {
   "image_id": 49,
   "category_id": 19,
   "bbox": [
    1331.72,
    642.07,
    13.1,
    60.0
   ],
   "area": 786.0,
   "id": 170,
   "iscrowd": 0
  },
  {
   "image_id": 49,
   "category_id": 19,
   "bbox": [
    1286.21,
    637.93,
    15.86,
    55.17
   ],
   "area": 874.9962,
   "id": 171,
   "iscrowd": 0
  },
  {
   "image_id": 49,
   "category_id": 19,
   "bbox": [
    1252.41,
    631.72,
    17.93,
    47.59
   ],
   "area": 853.2887,
   "id": 172,
   "iscrowd": 0
  },
  {
   "image_id": 49,
   "category_id": 19,
   "bbox": [
    392.7,
    606.57,
    13.87,
    76.64
   ],
   "area": 1062.9968,
   "id": 173,
   "iscrowd": 0
  },
  {
   "image_id": 49,
   "category_id": 19,
   "bbox": [
    496.35,
    609.49,
    15.33,
    75.91
   ],
   "area": 1163.7003,
   "id": 174,
   "iscrowd": 0
  },
  {
   "image_id": 50,
   "category_id": 6,
   "bbox": [
    1290.8,
    514.37,
    170.1,
    171.09
   ],
   "area": 29102.409,
   "id": 175,
   "iscrowd": 0
  },
  {
   "image_id": 51,
   "category_id": 19,
   "bbox": [
    1604.47,
    658.31,
    36.21,
    133.86
   ],
   "area": 4847.0706,
   "id": 176,
   "iscrowd": 0
  },
  {
   "image_id": 51,
   "category_id": 19,
   "bbox": [
    1662.5,
    628.6,
    34.28,
    130.65
   ],
   "area": 4478.682,
   "id": 177,
   "iscrowd": 0
  },
  {
   "image_id": 51,
   "category_id": 19,
   "bbox": [
    1877.27,
    712.9,
    34.15,
    168.29
   ],
   "area": 5747.1035,
   "id": 178,
   "iscrowd": 0
  },
  {
   "image_id": 51,
   "category_id": 19,
   "bbox": [
    208.48,
    639.29,
    13.84,
    70.09
   ],
   "area": 970.0456,
   "id": 179,
   "iscrowd": 0
  },
  {
   "image_id": 52,
   "category_id": 19,
   "bbox": [
    66.9,
    697.34,
    41.67,
    161.11
   ],
   "area": 6713.4537,
   "id": 180,
   "iscrowd": 0
  },
  {
   "image_id": 52,
   "category_id": 19,
   "bbox": [
    16.39,
    701.33,
    38.89,
    179.17
   ],
   "area": 6967.9213,
   "id": 181,
   "iscrowd": 0
  },
  {
   "image_id": 53,
   "category_id": 19,
   "bbox": [
    1634.41,
    750.69,
    45.3,
    200.02
   ],
   "area": 9060.906,
   "id": 182,
   "iscrowd": 0
  },
  {
   "image_id": 53,
   "category_id": 4,
   "bbox": [
    957.0,
    333.25,
    522.5,
    525.0
   ],
   "area": 274312.5,
   "id": 183,
   "iscrowd": 0
  },
  {
   "image_id": 53,
   "category_id": 26,
   "bbox": [
    1753.25,
    659.5,
    163.75,
    82.5
   ],
   "area": 13509.375,
   "id": 184,
   "iscrowd": 0
  },
  {
   "image_id": 53,
   "category_id": 19,
   "bbox": [
    1803.37,
    790.75,
    40.63,
    228.25
   ],
   "area": 9273.7975,
   "id": 185,
   "iscrowd": 0
  },
  {
   "image_id": 53,
   "category_id": 19,
   "bbox": [
    1522.59,
    711.25,
    37.6,
    165.07
   ],
   "area": 6206.632,
   "id": 186,
   "iscrowd": 0
  },
  {
   "image_id": 53,
   "category_id": 19,
   "bbox": [
    1485.75,
    692.0,
    36.25,
    142.5
   ],
   "area": 5165.625,
   "id": 187,
   "iscrowd": 0
  },
  {
   "image_id": 53,
   "category_id": 19,
   "bbox": [
    1510.5,
    673.0,
    21.5,
    135.25
   ],
   "area": 2907.875,
   "id": 188,
   "iscrowd": 0
  },
  {
   "image_id": 53,
   "category_id": 19,
   "bbox": [
    1568.31,
    673.07,
    23.59,
    119.1
   ],
   "area": 2809.569,
   "id": 189,
   "iscrowd": 0
  },
  {
   "image_id": 54,
   "category_id": 18,
   "bbox": [
    1468.44,
    598.99,
    67.36,
    102.94
   ],
   "area": 6934.0384,
   "id": 190,
   "iscrowd": 0
  },
  {
   "image_id": 54,
   "category_id": 18,
   "bbox": [
    1553.54,
    604.04,
    67.64,
    96.67
   ],
   "area": 6538.7588,
   "id": 191,
   "iscrowd": 0
  },
  {
   "image_id": 54,
   "category_id": 18,
   "bbox": [
    256.07,
    630.0,
    103.31,
    118.66
   ],
   "area": 12258.7646,
   "id": 192,
   "iscrowd": 0
  },
  {
   "image_id": 54,
   "category_id": 18,
   "bbox": [
    367.96,
    618.37,
    88.74,
    98.15
   ],
   "area": 8709.831,
   "id": 193,
   "iscrowd": 0
  },
  {
   "image_id": 54,
   "category_id": 19,
   "bbox": [
    426.05,
    653.32,
    29.29,
    135.35
   ],
   "area": 3964.4015,
   "id": 194,
   "iscrowd": 0
  },
  {
   "image_id": 54,
   "category_id": 18,
   "bbox": [
    472.73,
    625.25,
    48.48,
    81.82
   ],
   "area": 3966.6336,
   "id": 195,
   "iscrowd": 0
  },
  {
   "image_id": 54,
   "category_id": 19,
   "bbox": [
    536.36,
    629.29,
    18.18,
    119.19
   ],
   "area": 2166.8742,
   "id": 196,
   "iscrowd": 0
  },
  {
   "image_id": 54,
   "category_id": 18,
   "bbox": [
    596.97,
    615.15,
    44.44,
    71.72
   ],
   "area": 3187.2368,
   "id": 197,
   "iscrowd": 0
  },
  {
   "image_id": 54,
   "category_id": 18,
   "bbox": [
    644.44,
    596.97,
    60.61,
    80.81
   ],
   "area": 4897.8941,
   "id": 198,
   "iscrowd": 0
  },
  {
   "image_id": 54,
   "category_id": 3,
   "bbox": [
    1484.59,
    556.8,
    435.41,
    463.2
   ],
   "area": 201681.912,
   "id": 199,
   "iscrowd": 0
  },
  {
   "image_id": 54,
   "category_id": 18,
   "bbox": [
    1055.7,
    564.47,
    58.33,
    67.11
   ],
   "area": 3914.5263,
   "id": 200,
   "iscrowd": 0
  },
  {
   "image_id": 54,
   "category_id": 26,
   "bbox": [
    1061.4,
    567.54,
    48.25,
    43.42
   ],
   "area": 2095.015,
   "id": 201,
   "iscrowd": 0
  },
  {
   "image_id": 54,
   "category_id": 19,
   "bbox": [
    121.48,
    698.44,
    40.85,
    215.49
   ],
   "area": 8802.7665,
   "id": 202,
   "iscrowd": 0
  },
  {
   "image_id": 55,
   "category_id": 18,
   "bbox": [
    791.09,
    642.82,
    84.96,
    128.62
   ],
   "area": 10927.5552,
   "id": 203,
   "iscrowd": 0
  },
  {
   "image_id": 55,
   "category_id": 26,
   "bbox": [
    277.82,
    609.68,
    251.88,
    328.83
   ],
   "area": 82825.7004,
   "id": 204,
   "iscrowd": 0
  },
  {
   "image_id": 55,
   "category_id": 19,
   "bbox": [
    657.0,
    630.75,
    28.75,
    146.25
   ],
   "area": 4204.6875,
   "id": 205,
   "iscrowd": 0
  },
  {
   "image_id": 55,
   "category_id": 19,
   "bbox": [
    745.75,
    632.0,
    26.25,
    143.75
   ],
   "area": 3773.4375,
   "id": 206,
   "iscrowd": 0
  },
  {
   "image_id": 56,
   "category_id": 23,
   "bbox": [
    1513.85,
    782.41,
    103.66,
    206.1
   ],
   "area": 21364.326,
   "id": 207,
   "iscrowd": 0
  },
  {
   "image_id": 56,
   "category_id": 23,
   "bbox": [
    1377.42,
    711.29,
    73.39,
    141.13
   ],
   "area": 10357.5307,
   "id": 208,
   "iscrowd": 0
  },
  {
   "image_id": 56,
   "category_id": 23,
   "bbox": [
    1245.16,
    676.61,
    55.65,
    104.03
   ],
   "area": 5789.2695,
   "id": 209,
   "iscrowd": 0
  },
  {
   "image_id": 56,
   "category_id": 23,
   "bbox": [
    1229.33,
    655.67,
    35.33,
    69.33
   ],
   "area": 2449.4289,
   "id": 210,
   "iscrowd": 0
  },
  {
   "image_id": 56,
   "category_id": 23,
   "bbox": [
    1197.67,
    640.33,
    31.67,
    69.33
   ],
   "area": 2195.6811,
   "id": 211,
   "iscrowd": 0
  },
  {
   "image_id": 56,
   "category_id": 23,
   "bbox": [
    1248.33,
    629.0,
    25.33,
    61.33
   ],
   "area": 1553.4889,
   "id": 212,
   "iscrowd": 0
  },
  {
   "image_id": 57,
   "category_id": 19,
   "bbox": [
    1422.5,
    610.75,
    28.25,
    92.5
   ],
   "area": 2613.125,
   "id": 213,
   "iscrowd": 0
  },
  {
   "image_id": 57,
   "category_id": 19,
   "bbox": [
    1474.25,
    627.5,
    31.5,
    104.5
   ],
   "area": 3291.75,
   "id": 214,
   "iscrowd": 0
  },
  {
   "image_id": 57,
   "category_id": 19,
   "bbox": [
    1546.0,
    638.0,
    31.0,
    120.25
   ],
   "area": 3727.75,
   "id": 215,
   "iscrowd": 0
  },
  {
   "image_id": 57,
   "category_id": 19,
   "bbox": [
    1689.0,
    674.75,
    31.75,
    143.5
   ],
   "area": 4556.125,
   "id": 216,
   "iscrowd": 0
  },
  {
   "image_id": 57,
   "category_id": 19,
   "bbox": [
    1899.5,
    704.5,
    18.75,
    187.5
   ],
   "area": 3515.625,
   "id": 217,
   "iscrowd": 0
  },
  {
   "image_id": 58,
   "category_id": 18,
   "bbox": [
    1771.91,
    622.11,
    71.97,
    138.6
   ],
   "area": 9975.042,
   "id": 218,
   "iscrowd": 0
  },
  {
   "image_id": 58,
   "category_id": 19,
   "bbox": [
    189.53,
    840.78,
    48.47,
    178.22
   ],
   "area": 8638.3234,
   "id": 219,
   "iscrowd": 0
  },
  {
   "image_id": 58,
   "category_id": 19,
   "bbox": [
    305.81,
    795.75,
    46.75,
    223.25
   ],
   "area": 10436.9375,
   "id": 220,
   "iscrowd": 0
  },
  {
   "image_id": 58,
   "category_id": 19,
   "bbox": [
    378.37,
    770.78,
    48.63,
    248.22
   ],
   "area": 12070.9386,
   "id": 221,
   "iscrowd": 0
  },
  {
   "image_id": 58,
   "category_id": 19,
   "bbox": [
    1729.42,
    624.08,
    21.25,
    94.58
   ],
   "area": 2009.825,
   "id": 222,
   "iscrowd": 0
  },
  {
   "image_id": 58,
   "category_id": 19,
   "bbox": [
    1759.14,
    606.22,
    17.39,
    94.8
   ],
   "area": 1648.572,
   "id": 223,
   "iscrowd": 0
  },
  {
   "image_id": 59,
   "category_id": 3,
   "bbox": [
    1662.38,
    527.47,
    249.04,
    84.21
   ],
   "area": 20971.6584,
   "id": 224,
   "iscrowd": 0
  },
  {
   "image_id": 59,
   "category_id": 19,
   "bbox": [
    1343.69,
    593.29,
    12.59,
    63.39
   ],
   "area": 798.0801,
   "id": 225,
   "iscrowd": 0
  },
  {
   "image_id": 59,
   "category_id": 19,
   "bbox": [
    1354.25,
    595.14,
    16.6,
    69.64
   ],
   "area": 1156.024,
   "id": 226,
   "iscrowd": 0
  },
  {
   "image_id": 59,
   "category_id": 19,
   "bbox": [
    1368.42,
    598.38,
    15.38,
    68.02
   ],
   "area": 1046.1476,
   "id": 227,
   "iscrowd": 0
  },
  {
   "image_id": 60,
   "category_id": 18,
   "bbox": [
    590.5,
    590.75,
    121.5,
    98.75
   ],
   "area": 11998.125,
   "id": 228,
   "iscrowd": 0
  },
  {
   "image_id": 60,
   "category_id": 19,
   "bbox": [
    712.71,
    567.8,
    21.19,
    77.97
   ],
   "area": 1652.1843,
   "id": 229,
   "iscrowd": 0
  },
  {
   "image_id": 61,
   "category_id": 19,
   "bbox": [
    1773.25,
    794.5,
    56.25,
    221.25
   ],
   "area": 12445.3125,
   "id": 230,
   "iscrowd": 0
  },
  {
   "image_id": 62,
   "category_id": 26,
   "bbox": [
    1568.43,
    480.75,
    301.52,
    488.25
   ],
   "area": 147217.14,
   "id": 231,
   "iscrowd": 0
  },
  {
   "image_id": 63,
   "category_id": 26,
   "bbox": [
    1585.75,
    478.25,
    253.71,
    479.77
   ],
   "area": 121722.4467,
   "id": 232,
   "iscrowd": 0
  },
  {
   "image_id": 64,
   "category_id": 23,
   "bbox": [
    481.43,
    638.91,
    51.16,
    90.11
   ],
   "area": 4610.0276,
   "id": 233,
   "iscrowd": 0
  },
  {
   "image_id": 64,
   "category_id": 23,
   "bbox": [
    668.61,
    607.54,
    33.62,
    57.64
   ],
   "area": 1937.8568,
   "id": 234,
   "iscrowd": 0
  },
  {
   "image_id": 64,
   "category_id": 23,
   "bbox": [
    1203.16,
    601.73,
    37.46,
    77.73
   ],
   "area": 2911.7658,
   "id": 235,
   "iscrowd": 0
  },
  {
   "image_id": 64,
   "category_id": 23,
   "bbox": [
    1308.88,
    607.45,
    40.23,
    80.95
   ],
   "area": 3256.6185,
   "id": 236,
   "iscrowd": 0
  },
  {
   "image_id": 64,
   "category_id": 23,
   "bbox": [
    1608.37,
    673.25,
    105.48,
    214.04
   ],
   "area": 22576.9392,
   "id": 237,
   "iscrowd": 0
  },
  {
   "image_id": 64,
   "category_id": 23,
   "bbox": [
    1762.27,
    714.53,
    133.29,
    276.42
   ],
   "area": 36844.0218,
   "id": 238,
   "iscrowd": 0
  },
  {
   "image_id": 64,
   "category_id": 23,
   "bbox": [
    1784.5,
    602.0,
    41.25,
    90.0
   ],
   "area": 3712.5,
   "id": 239,
   "iscrowd": 0
  },
  {
   "image_id": 64,
   "category_id": 23,
   "bbox": [
    1845.75,
    607.0,
    40.0,
    90.0
   ],
   "area": 3600.0,
   "id": 240,
   "iscrowd": 0
  },
  {
   "image_id": 64,
   "category_id": 23,
   "bbox": [
    1305.22,
    603.02,
    29.95,
    70.6
   ],
   "area": 2114.47,
   "id": 241,
   "iscrowd": 0
  },
  {
   "image_id": 64,
   "category_id": 23,
   "bbox": [
    510.71,
    632.59,
    45.09,
    88.39
   ],
   "area": 3985.5051,
   "id": 242,
   "iscrowd": 0
  },
  {
   "image_id": 64,
   "category_id": 23,
   "bbox": [
    531.7,
    631.25,
    41.96,
    83.48
   ],
   "area": 3502.8208,
   "id": 243,
   "iscrowd": 0
  },
  {
   "image_id": 64,
   "category_id": 23,
   "bbox": [
    697.54,
    607.19,
    27.52,
    48.25
   ],
   "area": 1327.84,
   "id": 244,
   "iscrowd": 0
  },
  {
   "image_id": 64,
   "category_id": 23,
   "bbox": [
    731.62,
    601.03,
    24.85,
    42.51
   ],
   "area": 1056.3735,
   "id": 245,
   "iscrowd": 0
  },
  {
   "image_id": 65,
   "category_id": 9,
   "bbox": [
    1545.35,
    510.59,
    178.85,
    302.31
   ],
   "area": 54068.1435,
   "id": 246,
   "iscrowd": 0
  },
  {
   "image_id": 65,
   "category_id": 13,
   "bbox": [
    1718.54,
    600.45,
    104.4,
    123.08
   ],
   "area": 12849.552,
   "id": 247,
   "iscrowd": 0
  },
  {
   "image_id": 65,
   "category_id": 19,
   "bbox": [
    129.91,
    669.2,
    53.57,
    63.84
   ],
   "area": 3419.9088,
   "id": 248,
   "iscrowd": 0
  },
  {
   "image_id": 65,
   "category_id": 19,
   "bbox": [
    187.05,
    669.2,
    50.45,
    56.25
   ],
   "area": 2837.8125,
   "id": 249,
   "iscrowd": 0
  },
  {
   "image_id": 65,
   "category_id": 19,
   "bbox": [
    245.0,
    658.33,
    56.33,
    55.0
   ],
   "area": 3098.15,
   "id": 250,
   "iscrowd": 0
  },
  {
   "image_id": 65,
   "category_id": 19,
   "bbox": [
    309.67,
    650.67,
    41.67,
    48.67
   ],
   "area": 2028.0789,
   "id": 251,
   "iscrowd": 0
  },
  {
   "image_id": 65,
   "category_id": 19,
   "bbox": [
    328.67,
    646.33,
    39.0,
    47.0
   ],
   "area": 1833.0,
   "id": 252,
   "iscrowd": 0
  },
  {
   "image_id": 66,
   "category_id": 3,
   "bbox": [
    0.44,
    542.17,
    390.24,
    157.32
   ],
   "area": 61392.5568,
   "id": 253,
   "iscrowd": 0
  },
  {
   "image_id": 67,
   "category_id": 18,
   "bbox": [
    462.95,
    554.91,
    115.62,
    66.52
   ],
   "area": 7691.0424,
   "id": 254,
   "iscrowd": 0
  },
  {
   "image_id": 68,
   "category_id": 23,
   "bbox": [
    295.25,
    753.02,
    107.63,
    215.98
   ],
   "area": 23245.9274,
   "id": 255,
   "iscrowd": 0
  },
  {
   "image_id": 68,
   "category_id": 26,
   "bbox": [
    125.11,
    647.0,
    228.99,
    211.02
   ],
   "area": 48321.4698,
   "id": 256,
   "iscrowd": 0
  },
  {
   "image_id": 68,
   "category_id": 26,
   "bbox": [
    373.89,
    649.5,
    244.84,
    217.06
   ],
   "area": 53144.9704,
   "id": 257,
   "iscrowd": 0
  },
  {
   "image_id": 68,
   "category_id": 23,
   "bbox": [
    738.05,
    689.66,
    57.11,
    110.34
   ],
   "area": 6301.5174,
   "id": 258,
   "iscrowd": 0
  },
  {
   "image_id": 68,
   "category_id": 23,
   "bbox": [
    789.22,
    655.75,
    49.49,
    100.7
   ],
   "area": 4983.643,
   "id": 259,
   "iscrowd": 0
  },
  {
   "image_id": 68,
   "category_id": 23,
   "bbox": [
    826.72,
    645.02,
    40.22,
    87.23
   ],
   "area": 3508.3906,
   "id": 260,
   "iscrowd": 0
  },
  {
   "image_id": 68,
   "category_id": 23,
   "bbox": [
    862.97,
    631.64,
    37.03,
    71.59
   ],
   "area": 2650.9777,
   "id": 261,
   "iscrowd": 0
  },
  {
   "image_id": 68,
   "category_id": 23,
   "bbox": [
    915.27,
    616.75,
    30.54,
    62.07
   ],
   "area": 1895.6178,
   "id": 262,
   "iscrowd": 0
  },
  {
   "image_id": 68,
   "category_id": 19,
   "bbox": [
    1516.46,
    601.0,
    12.47,
    52.62
   ],
   "area": 656.1714,
   "id": 263,
   "iscrowd": 0
  },
  {
   "image_id": 68,
   "category_id": 19,
   "bbox": [
    1500.0,
    598.75,
    11.97,
    50.62
   ],
   "area": 605.9214,
   "id": 264,
   "iscrowd": 0
  },
  {
   "image_id": 68,
   "category_id": 19,
   "bbox": [
    1478.3,
    596.26,
    13.22,
    47.38
   ],
   "area": 626.3636,
   "id": 265,
   "iscrowd": 0
  },
  {
   "image_id": 68,
   "category_id": 19,
   "bbox": [
    1467.08,
    593.27,
    9.23,
    47.63
   ],
   "area": 439.6249,
   "id": 266,
   "iscrowd": 0
  },
  {
   "image_id": 68,
   "category_id": 19,
   "bbox": [
    1460.85,
    590.02,
    10.22,
    47.38
   ],
   "area": 484.2236,
   "id": 267,
   "iscrowd": 0
  },
  {
   "image_id": 69,
   "category_id": 1,
   "bbox": [
    1774.92,
    577.05,
    47.74,
    117.2
   ],
   "area": 5595.128,
   "id": 268,
   "iscrowd": 0
  },
  {
   "image_id": 69,
   "category_id": 19,
   "bbox": [
    1621.04,
    698.31,
    51.28,
    191.87
   ],
   "area": 9839.0936,
   "id": 269,
   "iscrowd": 0
  },
  {
   "image_id": 69,
   "category_id": 19,
   "bbox": [
    1580.94,
    690.6,
    40.49,
    178.15
   ],
   "area": 7213.2935,
   "id": 270,
   "iscrowd": 0
  },
  {
   "image_id": 69,
   "category_id": 19,
   "bbox": [
    1536.95,
    676.56,
    38.94,
    167.19
   ],
   "area": 6510.3786,
   "id": 271,
   "iscrowd": 0
  },
  {
   "image_id": 69,
   "category_id": 19,
   "bbox": [
    1354.2,
    637.73,
    21.17,
    114.48
   ],
   "area": 2423.5416,
   "id": 272,
   "iscrowd": 0
  },
  {
   "image_id": 69,
   "category_id": 19,
   "bbox": [
    1375.28,
    643.43,
    18.47,
    115.76
   ],
   "area": 2138.0872,
   "id": 273,
   "iscrowd": 0
  },
  {
   "image_id": 69,
   "category_id": 28,
   "bbox": [
    1774.1,
    632.37,
    29.14,
    58.63
   ],
   "area": 1708.4782,
   "id": 274,
   "iscrowd": 0
  },
  {
   "image_id": 69,
   "category_id": 18,
   "bbox": [
    1632.73,
    620.86,
    91.37,
    67.27
   ],
   "area": 6146.4599,
   "id": 275,
   "iscrowd": 0
  },
  {
   "image_id": 69,
   "category_id": 19,
   "bbox": [
    1219.45,
    617.71,
    21.95,
    68.33
   ],
   "area": 1499.8435,
   "id": 276,
   "iscrowd": 0
  },
  {
   "image_id": 70,
   "category_id": 9,
   "bbox": [
    1256.67,
    571.35,
    198.65,
    242.77
   ],
   "area": 48226.2605,
   "id": 277,
   "iscrowd": 0
  },
  {
   "image_id": 71,
   "category_id": 26,
   "bbox": [
    736.31,
    590.53,
    64.62,
    55.74
   ],
   "area": 3601.9188,
   "id": 278,
   "iscrowd": 0
  },
  {
   "image_id": 71,
   "category_id": 26,
   "bbox": [
    796.01,
    597.23,
    27.69,
    52.02
   ],
   "area": 1440.4338,
   "id": 279,
   "iscrowd": 0
  },
  {
   "image_id": 71,
   "category_id": 26,
   "bbox": [
    817.36,
    587.09,
    67.9,
    61.61
   ],
   "area": 4183.319,
   "id": 280,
   "iscrowd": 0
  },
  {
   "image_id": 72,
   "category_id": 23,
   "bbox": [
    708.46,
    688.89,
    78.56,
    139.87
   ],
   "area": 10988.1872,
   "id": 281,
   "iscrowd": 0
  },
  {
   "image_id": 72,
   "category_id": 23,
   "bbox": [
    52.53,
    698.99,
    89.38,
    157.81
   ],
   "area": 14105.0578,
   "id": 282,
   "iscrowd": 0
  },
  {
   "image_id": 72,
   "category_id": 23,
   "bbox": [
    855.41,
    635.71,
    31.61,
    69.87
   ],
   "area": 2208.5907,
   "id": 283,
   "iscrowd": 0
  },
  {
   "image_id": 72,
   "category_id": 23,
   "bbox": [
    555.14,
    626.17,
    34.32,
    81.86
   ],
   "area": 2809.4352,
   "id": 284,
   "iscrowd": 0
  },
  {
   "image_id": 72,
   "category_id": 15,
   "bbox": [
    580.37,
    403.74,
    211.21,
    321.5
   ],
   "area": 67904.015,
   "id": 285,
   "iscrowd": 0
  },
  {
   "image_id": 73,
   "category_id": 26,
   "bbox": [
    1057.02,
    584.74,
    57.56,
    57.37
   ],
   "area": 3302.2172,
   "id": 286,
   "iscrowd": 0
  },
  {
   "image_id": 73,
   "category_id": 26,
   "bbox": [
    1138.15,
    593.17,
    26.23,
    46.5
   ],
   "area": 1219.695,
   "id": 287,
   "iscrowd": 0
  },
  {
   "image_id": 73,
   "category_id": 23,
   "bbox": [
    1034.14,
    588.76,
    21.29,
    50.2
   ],
   "area": 1068.758,
   "id": 288,
   "iscrowd": 0
  },
  {
   "image_id": 74,
   "category_id": 23,
   "bbox": [
    1081.72,
    625.56,
    28.22,
    62.52
   ],
   "area": 1764.3144,
   "id": 289,
   "iscrowd": 0
  },
  {
   "image_id": 74,
   "category_id": 23,
   "bbox": [
    1066.3,
    606.67,
    26.42,
    60.88
   ],
   "area": 1608.4496,
   "id": 290,
   "iscrowd": 0
  },
  {
   "image_id": 74,
   "category_id": 26,
   "bbox": [
    1108.09,
    605.19,
    85.29,
    84.22
   ],
   "area": 7183.1238,
   "id": 291,
   "iscrowd": 0
  },
  {
   "image_id": 74,
   "category_id": 2,
   "bbox": [
    1106.14,
    551.46,
    22.22,
    50.58
   ],
   "area": 1123.8876,
   "id": 292,
   "iscrowd": 0
  },
  {
   "image_id": 75,
   "category_id": 18,
   "bbox": [
    759.94,
    569.54,
    34.8,
    57.19
   ],
   "area": 1990.212,
   "id": 293,
   "iscrowd": 0
  },
  {
   "image_id": 75,
   "category_id": 18,
   "bbox": [
    785.02,
    567.21,
    30.77,
    53.85
   ],
   "area": 1656.9645,
   "id": 294,
   "iscrowd": 0
  },
  {
   "image_id": 75,
   "category_id": 18,
   "bbox": [
    744.94,
    568.83,
    33.2,
    53.85
   ],
   "area": 1787.82,
   "id": 295,
   "iscrowd": 0
  },
  {
   "image_id": 76,
   "category_id": 23,
   "bbox": [
    485.72,
    712.06,
    87.5,
    165.0
   ],
   "area": 14437.5,
   "id": 296,
   "iscrowd": 0
  },
  {
   "image_id": 76,
   "category_id": 23,
   "bbox": [
    122.03,
    715.75,
    87.5,
    175.0
   ],
   "area": 15312.5,
   "id": 297,
   "iscrowd": 0
  },
  {
   "image_id": 76,
   "category_id": 23,
   "bbox": [
    520.32,
    632.81,
    59.24,
    140.91
   ],
   "area": 8347.5084,
   "id": 298,
   "iscrowd": 0
  },
  {
   "image_id": 76,
   "category_id": 18,
   "bbox": [
    227.86,
    579.29,
    43.8,
    49.46
   ],
   "area": 2166.348,
   "id": 299,
   "iscrowd": 0
  },
  {
   "image_id": 76,
   "category_id": 23,
   "bbox": [
    241.76,
    607.86,
    26.66,
    56.11
   ],
   "area": 1495.8926,
   "id": 300,
   "iscrowd": 0
  },
  {
   "image_id": 76,
   "category_id": 23,
   "bbox": [
    280.12,
    588.57,
    25.55,
    52.32
   ],
   "area": 1336.776,
   "id": 301,
   "iscrowd": 0
  },
  {
   "image_id": 76,
   "category_id": 23,
   "bbox": [
    451.77,
    607.54,
    31.71,
    56.74
   ],
   "area": 1799.2254,
   "id": 302,
   "iscrowd": 0
  },
  {
   "image_id": 77,
   "category_id": 23,
   "bbox": [
    139.5,
    725.75,
    90.0,
    176.25
   ],
   "area": 15862.5,
   "id": 303,
   "iscrowd": 0
  },
  {
   "image_id": 77,
   "category_id": 19,
   "bbox": [
    177.0,
    664.5,
    37.5,
    127.5
   ],
   "area": 4781.25,
   "id": 304,
   "iscrowd": 0
  },
  {
   "image_id": 77,
   "category_id": 19,
   "bbox": [
    406.25,
    665.0,
    38.25,
    132.0
   ],
   "area": 5049.0,
   "id": 305,
   "iscrowd": 0
  },
  {
   "image_id": 77,
   "category_id": 18,
   "bbox": [
    237.0,
    657.0,
    145.0,
    142.5
   ],
   "area": 20662.5,
   "id": 306,
   "iscrowd": 0
  },
  {
   "image_id": 78,
   "category_id": 23,
   "bbox": [
    1387.0,
    761.0,
    103.75,
    218.5
   ],
   "area": 22669.375,
   "id": 307,
   "iscrowd": 0
  },
  {
   "image_id": 78,
   "category_id": 23,
   "bbox": [
    1569.68,
    825.75,
    96.61,
    193.25
   ],
   "area": 18669.8825,
   "id": 308,
   "iscrowd": 0
  },
  {
   "image_id": 78,
   "category_id": 23,
   "bbox": [
    1345.75,
    732.0,
    80.3,
    180.9
   ],
   "area": 14526.27,
   "id": 309,
   "iscrowd": 0
  },
  {
   "image_id": 78,
   "category_id": 23,
   "bbox": [
    1276.05,
    697.05,
    100.0,
    175.61
   ],
   "area": 17561.0,
   "id": 310,
   "iscrowd": 0
  },
  {
   "image_id": 78,
   "category_id": 23,
   "bbox": [
    1231.25,
    677.66,
    69.19,
    136.46
   ],
   "area": 9441.6674,
   "id": 311,
   "iscrowd": 0
  },
  {
   "image_id": 79,
   "category_id": 23,
   "bbox": [
    607.0,
    738.25,
    85.0,
    182.5
   ],
   "area": 15512.5,
   "id": 312,
   "iscrowd": 0
  },
  {
   "image_id": 79,
   "category_id": 23,
   "bbox": [
    436.15,
    829.44,
    96.54,
    190.56
   ],
   "area": 18396.6624,
   "id": 313,
   "iscrowd": 0
  },
  {
   "image_id": 79,
   "category_id": 23,
   "bbox": [
    683.9,
    688.75,
    64.1,
    143.66
   ],
   "area": 9208.606,
   "id": 314,
   "iscrowd": 0
  },
  {
   "image_id": 79,
   "category_id": 23,
   "bbox": [
    734.4,
    656.75,
    58.72,
    120.79
   ],
   "area": 7092.7888,
   "id": 315,
   "iscrowd": 0
  },
  {
   "image_id": 79,
   "category_id": 23,
   "bbox": [
    775.0,
    639.31,
    46.46,
    92.67
   ],
   "area": 4305.4482,
   "id": 316,
   "iscrowd": 0
  },
  {
   "image_id": 79,
   "category_id": 23,
   "bbox": [
    824.57,
    616.23,
    38.99,
    85.39
   ],
   "area": 3329.3561,
   "id": 317,
   "iscrowd": 0
  },
  {
   "image_id": 79,
   "category_id": 19,
   "bbox": [
    855.66,
    605.88,
    13.57,
    65.16
   ],
   "area": 884.2212,
   "id": 318,
   "iscrowd": 0
  },
  {
   "image_id": 80,
   "category_id": 23,
   "bbox": [
    605.78,
    730.54,
    94.66,
    187.24
   ],
   "area": 17724.1384,
   "id": 319,
   "iscrowd": 0
  },
  {
   "image_id": 80,
   "category_id": 23,
   "bbox": [
    353.83,
    854.85,
    108.61,
    165.15
   ],
   "area": 17936.9415,
   "id": 320,
   "iscrowd": 0
  },
  {
   "image_id": 81,
   "category_id": 23,
   "bbox": [
    80.75,
    754.5,
    83.1,
    164.5
   ],
   "area": 13669.95,
   "id": 321,
   "iscrowd": 0
  },
  {
   "image_id": 81,
   "category_id": 23,
   "bbox": [
    385.96,
    692.03,
    54.72,
    103.8
   ],
   "area": 5679.936,
   "id": 322,
   "iscrowd": 0
  },
  {
   "image_id": 81,
   "category_id": 35,
   "bbox": [
    200.44,
    593.39,
    217.87,
    256.11
   ],
   "area": 55798.6857,
   "id": 323,
   "iscrowd": 0
  },
  {
   "image_id": 81,
   "category_id": 27,
   "bbox": [
    3.25,
    797.0,
    81.25,
    42.5
   ],
   "area": 3453.125,
   "id": 324,
   "iscrowd": 0
  },
  {
   "image_id": 82,
   "category_id": 35,
   "bbox": [
    1.25,
    607.25,
    168.7,
    378.82
   ],
   "area": 63906.934,
   "id": 325,
   "iscrowd": 0
  },
  {
   "image_id": 82,
   "category_id": 23,
   "bbox": [
    178.46,
    740.78,
    82.95,
    142.85
   ],
   "area": 11849.4075,
   "id": 326,
   "iscrowd": 0
  },
  {
   "image_id": 83,
   "category_id": 9,
   "bbox": [
    1229.41,
    557.84,
    198.04,
    102.94
   ],
   "area": 20386.2376,
   "id": 327,
   "iscrowd": 0
  },
  {
   "image_id": 83,
   "category_id": 9,
   "bbox": [
    1430.39,
    573.53,
    331.37,
    180.39
   ],
   "area": 59775.8343,
   "id": 328,
   "iscrowd": 0
  },
  {
   "image_id": 83,
   "category_id": 9,
   "bbox": [
    1491.18,
    587.25,
    289.22,
    207.84
   ],
   "area": 60111.4848,
   "id": 329,
   "iscrowd": 0
  },
  {
   "image_id": 83,
   "category_id": 9,
   "bbox": [
    1696.08,
    629.41,
    221.57,
    213.73
   ],
   "area": 47356.1561,
   "id": 330,
   "iscrowd": 0
  },
  {
   "image_id": 83,
   "category_id": 9,
   "bbox": [
    1193.14,
    524.51,
    99.02,
    119.61
   ],
   "area": 11843.7822,
   "id": 331,
   "iscrowd": 0
  },
  {
   "image_id": 84,
   "category_id": 9,
   "bbox": [
    1360.0,
    521.43,
    202.14,
    191.43
   ],
   "area": 38695.6602,
   "id": 332,
   "iscrowd": 0
  },
  {
   "image_id": 84,
   "category_id": 9,
   "bbox": [
    1477.24,
    565.04,
    265.85,
    179.67
   ],
   "area": 47765.2695,
   "id": 333,
   "iscrowd": 0
  },
  {
   "image_id": 84,
   "category_id": 9,
   "bbox": [
    1555.28,
    582.93,
    268.29,
    173.98
   ],
   "area": 46677.0942,
   "id": 334,
   "iscrowd": 0
  },
  {
   "image_id": 85,
   "category_id": 9,
   "bbox": [
    1551.64,
    568.16,
    50.56,
    82.57
   ],
   "area": 4174.7392,
   "id": 335,
   "iscrowd": 0
  },
  {
   "image_id": 85,
   "category_id": 19,
   "bbox": [
    178.88,
    601.68,
    25.14,
    92.07
   ],
   "area": 2314.6398,
   "id": 336,
   "iscrowd": 0
  },
  {
   "image_id": 85,
   "category_id": 19,
   "bbox": [
    128.39,
    593.16,
    19.38,
    76.48
   ],
   "area": 1482.1824,
   "id": 337,
   "iscrowd": 0
  },
  {
   "image_id": 85,
   "category_id": 19,
   "bbox": [
    68.71,
    588.7,
    19.69,
    74.25
   ],
   "area": 1461.9825,
   "id": 338,
   "iscrowd": 0
  },
  {
   "image_id": 85,
   "category_id": 19,
   "bbox": [
    1780.74,
    683.63,
    36.17,
    138.43
   ],
   "area": 5007.0131,
   "id": 339,
   "iscrowd": 0
  },
  {
   "image_id": 85,
   "category_id": 19,
   "bbox": [
    1772.83,
    655.47,
    33.05,
    115.86
   ],
   "area": 3829.173,
   "id": 340,
   "iscrowd": 0
  },
  {
   "image_id": 85,
   "category_id": 19,
   "bbox": [
    1839.94,
    642.59,
    24.03,
    105.94
   ],
   "area": 2545.7382,
   "id": 341,
   "iscrowd": 0
  },
  {
   "image_id": 85,
   "category_id": 8,
   "bbox": [
    1603.44,
    580.16,
    39.94,
    64.69
   ],
   "area": 2583.7186,
   "id": 342,
   "iscrowd": 0
  },
  {
   "image_id": 85,
   "category_id": 9,
   "bbox": [
    448.15,
    552.3,
    98.28,
    74.49
   ],
   "area": 7320.8772,
   "id": 343,
   "iscrowd": 0
  },
  {
   "image_id": 85,
   "category_id": 18,
   "bbox": [
    961.73,
    521.43,
    145.68,
    83.95
   ],
   "area": 12229.836,
   "id": 344,
   "iscrowd": 0
  },
  {
   "image_id": 85,
   "category_id": 9,
   "bbox": [
    573.66,
    546.43,
    79.91,
    77.68
   ],
   "area": 6207.4088,
   "id": 345,
   "iscrowd": 0
  },
  {
   "image_id": 86,
   "category_id": 9,
   "bbox": [
    678.0,
    565.0,
    176.03,
    194.68
   ],
   "area": 34269.5204,
   "id": 346,
   "iscrowd": 0
  },
  {
   "image_id": 86,
   "category_id": 9,
   "bbox": [
    1253.37,
    591.91,
    299.51,
    295.38
   ],
   "area": 88469.2638,
   "id": 347,
   "iscrowd": 0
  },
  {
   "image_id": 87,
   "category_id": 9,
   "bbox": [
    1078.52,
    559.8,
    225.57,
    255.54
   ],
   "area": 57642.1578,
   "id": 348,
   "iscrowd": 0
  },
  {
   "image_id": 88,
   "category_id": 23,
   "bbox": [
    1574.5,
    743.25,
    99.11,
    179.41
   ],
   "area": 17781.3251,
   "id": 349,
   "iscrowd": 0
  },
  {
   "image_id": 88,
   "category_id": 23,
   "bbox": [
    1348.75,
    666.25,
    62.0,
    118.25
   ],
   "area": 7331.5,
   "id": 350,
   "iscrowd": 0
  },
  {
   "image_id": 88,
   "category_id": 23,
   "bbox": [
    1201.96,
    623.06,
    33.84,
    78.87
   ],
   "area": 2668.9608,
   "id": 351,
   "iscrowd": 0
  },
  {
   "image_id": 89,
   "category_id": 23,
   "bbox": [
    1562.0,
    729.5,
    107.95,
    188.28
   ],
   "area": 20324.826,
   "id": 352,
   "iscrowd": 0
  },
  {
   "image_id": 89,
   "category_id": 23,
   "bbox": [
    1269.88,
    647.41,
    48.85,
    100.86
   ],
   "area": 4927.011,
   "id": 353,
   "iscrowd": 0
  },
  {
   "image_id": 90,
   "category_id": 19,
   "bbox": [
    1634.34,
    770.0,
    57.56,
    245.34
   ],
   "area": 14121.7704,
   "id": 354,
   "iscrowd": 0
  },
  {
   "image_id": 90,
   "category_id": 19,
   "bbox": [
    1515.06,
    695.61,
    49.17,
    175.19
   ],
   "area": 8614.0923,
   "id": 355,
   "iscrowd": 0
  },
  {
   "image_id": 90,
   "category_id": 19,
   "bbox": [
    1641.81,
    652.36,
    36.29,
    124.28
   ],
   "area": 4510.1212,
   "id": 356,
   "iscrowd": 0
  },
  {
   "image_id": 90,
   "category_id": 19,
   "bbox": [
    1707.83,
    642.86,
    38.89,
    122.83
   ],
   "area": 4776.8587,
   "id": 357,
   "iscrowd": 0
  },
  {
   "image_id": 90,
   "category_id": 19,
   "bbox": [
    1773.02,
    632.42,
    29.5,
    113.75
   ],
   "area": 3355.625,
   "id": 358,
   "iscrowd": 0
  },
  {
   "image_id": 90,
   "category_id": 19,
   "bbox": [
    1838.56,
    625.13,
    27.86,
    104.8
   ],
   "area": 2919.728,
   "id": 359,
   "iscrowd": 0
  },
  {
   "image_id": 91,
   "category_id": 19,
   "bbox": [
    1712.34,
    714.37,
    60.05,
    189.99
   ],
   "area": 11408.8995,
   "id": 360,
   "iscrowd": 0
  },
  {
   "image_id": 92,
   "category_id": 19,
   "bbox": [
    1809.68,
    818.25,
    58.32,
    200.75
   ],
   "area": 11707.74,
   "id": 361,
   "iscrowd": 0
  },
  {
   "image_id": 92,
   "category_id": 19,
   "bbox": [
    1528.87,
    732.35,
    61.81,
    223.24
   ],
   "area": 13798.4644,
   "id": 362,
   "iscrowd": 0
  },
  {
   "image_id": 92,
   "category_id": 19,
   "bbox": [
    1445.79,
    684.1,
    39.64,
    162.26
   ],
   "area": 6431.9864,
   "id": 363,
   "iscrowd": 0
  },
  {
   "image_id": 92,
   "category_id": 19,
   "bbox": [
    1442.03,
    656.74,
    35.46,
    135.98
   ],
   "area": 4821.8508,
   "id": 364,
   "iscrowd": 0
  },
  {
   "image_id": 92,
   "category_id": 19,
   "bbox": [
    1570.84,
    640.32,
    29.25,
    105.5
   ],
   "area": 3085.875,
   "id": 365,
   "iscrowd": 0
  },
  {
   "image_id": 92,
   "category_id": 19,
   "bbox": [
    1739.28,
    634.5,
    32.25,
    99.94
   ],
   "area": 3223.065,
   "id": 366,
   "iscrowd": 0
  },
  {
   "image_id": 93,
   "category_id": 3,
   "bbox": [
    1605.88,
    516.12,
    251.76,
    98.82
   ],
   "area": 24878.9232,
   "id": 367,
   "iscrowd": 0
  },
  {
   "image_id": 93,
   "category_id": 23,
   "bbox": [
    0,
    720.84,
    77.27,
    199.38
   ],
   "area": 15406.0926,
   "id": 368,
   "iscrowd": 0
  },
  {
   "image_id": 93,
   "category_id": 29,
   "bbox": [
    83.25,
    604.5,
    168.41,
    264.5
   ],
   "area": 44544.445,
   "id": 369,
   "iscrowd": 0
  },
  {
   "image_id": 93,
   "category_id": 29,
   "bbox": [
    159.5,
    588.25,
    144.6,
    252.7
   ],
   "area": 36540.42,
   "id": 370,
   "iscrowd": 0
  },
  {
   "image_id": 93,
   "category_id": 29,
   "bbox": [
    258.98,
    612.9,
    103.02,
    187.85
   ],
   "area": 19352.307,
   "id": 371,
   "iscrowd": 0
  },
  {
   "image_id": 93,
   "category_id": 18,
   "bbox": [
    1274.83,
    566.23,
    130.92,
    160.77
   ],
   "area": 21048.0084,
   "id": 372,
   "iscrowd": 0
  },
  {
   "image_id": 93,
   "category_id": 18,
   "bbox": [
    1188.18,
    547.29,
    134.98,
    135.47
   ],
   "area": 18285.7406,
   "id": 373,
   "iscrowd": 0
  },
  {
   "image_id": 93,
   "category_id": 18,
   "bbox": [
    1153.87,
    542.14,
    79.3,
    70.57
   ],
   "area": 5596.201,
   "id": 374,
   "iscrowd": 0
  },
  {
   "image_id": 94,
   "category_id": 19,
   "bbox": [
    1770.84,
    805.75,
    52.16,
    213.25
   ],
   "area": 11123.12,
   "id": 375,
   "iscrowd": 0
  },
  {
   "image_id": 94,
   "category_id": 19,
   "bbox": [
    1541.4,
    718.69,
    50.5,
    190.55
   ],
   "area": 9622.775,
   "id": 376,
   "iscrowd": 0
  },
  {
   "image_id": 94,
   "category_id": 19,
   "bbox": [
    1650.62,
    684.16,
    43.72,
    148.26
   ],
   "area": 6481.9272,
   "id": 377,
   "iscrowd": 0
  },
  {
   "image_id": 94,
   "category_id": 19,
   "bbox": [
    1754.78,
    660.85,
    37.12,
    122.79
   ],
   "area": 4557.9648,
   "id": 378,
   "iscrowd": 0
  },
  {
   "image_id": 94,
   "category_id": 19,
   "bbox": [
    1864.03,
    651.38,
    29.09,
    104.21
   ],
   "area": 3031.4689,
   "id": 379,
   "iscrowd": 0
  },
  {
   "image_id": 95,
   "category_id": 26,
   "bbox": [
    837.05,
    547.19,
    32.9,
    143.76
   ],
   "area": 4729.704,
   "id": 380,
   "iscrowd": 0
  },
  {
   "image_id": 96,
   "category_id": 18,
   "bbox": [
    549.88,
    582.29,
    91.77,
    41.4
   ],
   "area": 3799.278,
   "id": 381,
   "iscrowd": 0
  },
  {
   "image_id": 96,
   "category_id": 18,
   "bbox": [
    247.86,
    595.4,
    33.69,
    58.21
   ],
   "area": 1961.0949,
   "id": 382,
   "iscrowd": 0
  },
  {
   "image_id": 96,
   "category_id": 18,
   "bbox": [
    331.67,
    596.7,
    29.93,
    49.93
   ],
   "area": 1494.4049,
   "id": 383,
   "iscrowd": 0
  },
  {
   "image_id": 96,
   "category_id": 18,
   "bbox": [
    384.01,
    593.15,
    29.45,
    50.74
   ],
   "area": 1494.293,
   "id": 384,
   "iscrowd": 0
  },
  {
   "image_id": 96,
   "category_id": 18,
   "bbox": [
    441.46,
    593.16,
    25.87,
    43.75
   ],
   "area": 1131.8125,
   "id": 385,
   "iscrowd": 0
  },
  {
   "image_id": 96,
   "category_id": 18,
   "bbox": [
    493.01,
    591.61,
    26.2,
    40.56
   ],
   "area": 1062.672,
   "id": 386,
   "iscrowd": 0
  },
  {
   "image_id": 96,
   "category_id": 18,
   "bbox": [
    645.0,
    580.57,
    24.07,
    38.64
   ],
   "area": 930.0648,
   "id": 387,
   "iscrowd": 0
  },
  {
   "image_id": 96,
   "category_id": 18,
   "bbox": [
    673.87,
    579.76,
    23.58,
    36.17
   ],
   "area": 852.8886,
   "id": 388,
   "iscrowd": 0
  },
  {
   "image_id": 96,
   "category_id": 18,
   "bbox": [
    695.0,
    582.11,
    18.59,
    31.87
   ],
   "area": 592.4633,
   "id": 389,
   "iscrowd": 0
  },
  {
   "image_id": 96,
   "category_id": 18,
   "bbox": [
    719.2,
    577.06,
    108.23,
    36.41
   ],
   "area": 3940.6543,
   "id": 390,
   "iscrowd": 0
  },
  {
   "image_id": 96,
   "category_id": 18,
   "bbox": [
    827.68,
    573.57,
    60.6,
    24.69
   ],
   "area": 1496.214,
   "id": 391,
   "iscrowd": 0
  },
  {
   "image_id": 97,
   "category_id": 18,
   "bbox": [
    245.59,
    751.75,
    116.5,
    229.0
   ],
   "area": 26678.5,
   "id": 392,
   "iscrowd": 0
  },
  {
   "image_id": 97,
   "category_id": 18,
   "bbox": [
    351.12,
    719.81,
    96.0,
    189.75
   ],
   "area": 18216.0,
   "id": 393,
   "iscrowd": 0
  },
  {
   "image_id": 97,
   "category_id": 18,
   "bbox": [
    482.75,
    692.75,
    86.75,
    156.75
   ],
   "area": 13598.0625,
   "id": 394,
   "iscrowd": 0
  },
  {
   "image_id": 97,
   "category_id": 18,
   "bbox": [
    614.5,
    664.5,
    63.75,
    123.75
   ],
   "area": 7889.0625,
   "id": 395,
   "iscrowd": 0
  },
  {
   "image_id": 97,
   "category_id": 18,
   "bbox": [
    680.03,
    643.75,
    52.12,
    105.74
   ],
   "area": 5511.1688,
   "id": 396,
   "iscrowd": 0
  },
  {
   "image_id": 97,
   "category_id": 18,
   "bbox": [
    739.28,
    626.75,
    44.09,
    84.93
   ],
   "area": 3744.5637,
   "id": 397,
   "iscrowd": 0
  },
  {
   "image_id": 97,
   "category_id": 18,
   "bbox": [
    741.09,
    598.5,
    80.08,
    98.55
   ],
   "area": 7891.884,
   "id": 398,
   "iscrowd": 0
  },
  {
   "image_id": 98,
   "category_id": 25,
   "bbox": [
    1316.59,
    457.59,
    43.29,
    186.12
   ],
   "area": 8057.1348,
   "id": 399,
   "iscrowd": 0
  },
  {
   "image_id": 99,
   "category_id": 23,
   "bbox": [
    93.37,
    712.03,
    131.46,
    299.65
   ],
   "area": 39391.989,
   "id": 400,
   "iscrowd": 0
  },
  {
   "image_id": 99,
   "category_id": 23,
   "bbox": [
    297.0,
    697.0,
    131.25,
    291.25
   ],
   "area": 38226.5625,
   "id": 401,
   "iscrowd": 0
  },
  {
   "image_id": 99,
   "category_id": 23,
   "bbox": [
    455.0,
    662.56,
    113.25,
    217.0
   ],
   "area": 24575.25,
   "id": 402,
   "iscrowd": 0
  },
  {
   "image_id": 99,
   "category_id": 23,
   "bbox": [
    568.4,
    642.0,
    84.48,
    167.24
   ],
   "area": 14128.4352,
   "id": 403,
   "iscrowd": 0
  },
  {
   "image_id": 99,
   "category_id": 23,
   "bbox": [
    627.62,
    628.78,
    66.72,
    141.44
   ],
   "area": 9436.8768,
   "id": 404,
   "iscrowd": 0
  },
  {
   "image_id": 99,
   "category_id": 26,
   "bbox": [
    789.5,
    503.25,
    55.0,
    87.5
   ],
   "area": 4812.5,
   "id": 405,
   "iscrowd": 0
  },
  {
   "image_id": 99,
   "category_id": 23,
   "bbox": [
    696.06,
    612.32,
    49.75,
    109.36
   ],
   "area": 5440.66,
   "id": 406,
   "iscrowd": 0
  },
  {
   "image_id": 99,
   "category_id": 23,
   "bbox": [
    727.09,
    594.58,
    42.86,
    106.9
   ],
   "area": 4581.734,
   "id": 407,
   "iscrowd": 0
  },
  {
   "image_id": 100,
   "category_id": 6,
   "bbox": [
    790.0,
    537.5,
    465.75,
    269.5
   ],
   "area": 125519.625,
   "id": 408,
   "iscrowd": 0
  }
 ]
}